-- MySQL dump 10.13  Distrib 5.5.43, for debian-linux-gnu (i686)
--
-- Host: localhost    Database: development.sql
-- ------------------------------------------------------
-- Server version	5.5.43-0ubuntu0.14.04.1

/*!40101 SET @OLD_CHARACTER_SET_CLIENT=@@CHARACTER_SET_CLIENT */;
/*!40101 SET @OLD_CHARACTER_SET_RESULTS=@@CHARACTER_SET_RESULTS */;
/*!40101 SET @OLD_COLLATION_CONNECTION=@@COLLATION_CONNECTION */;
/*!40101 SET NAMES utf8 */;
/*!40103 SET @OLD_TIME_ZONE=@@TIME_ZONE */;
/*!40103 SET TIME_ZONE='+00:00' */;
/*!40014 SET @OLD_UNIQUE_CHECKS=@@UNIQUE_CHECKS, UNIQUE_CHECKS=0 */;
/*!40014 SET @OLD_FOREIGN_KEY_CHECKS=@@FOREIGN_KEY_CHECKS, FOREIGN_KEY_CHECKS=0 */;
/*!40101 SET @OLD_SQL_MODE=@@SQL_MODE, SQL_MODE='NO_AUTO_VALUE_ON_ZERO' */;
/*!40111 SET @OLD_SQL_NOTES=@@SQL_NOTES, SQL_NOTES=0 */;

--
-- Table structure for table `item_categories`
--

DROP TABLE IF EXISTS `item_categories`;
/*!40101 SET @saved_cs_client     = @@character_set_client */;
/*!40101 SET character_set_client = utf8 */;
CREATE TABLE `item_categories` (
  `category_id` int(11) NOT NULL AUTO_INCREMENT,
  `category_name` varchar(255) COLLATE utf8_unicode_ci DEFAULT NULL,
  `high_level_category_id` varchar(255) COLLATE utf8_unicode_ci DEFAULT NULL,
  `created_at` datetime DEFAULT NULL,
  `updated_at` datetime DEFAULT NULL,
  PRIMARY KEY (`category_id`)
) ENGINE=InnoDB AUTO_INCREMENT=342 DEFAULT CHARSET=utf8 COLLATE=utf8_unicode_ci;
/*!40101 SET character_set_client = @saved_cs_client */;

--
-- Dumping data for table `item_categories`
--

LOCK TABLES `item_categories` WRITE;
/*!40000 ALTER TABLE `item_categories` DISABLE KEYS */;
INSERT INTO `item_categories` VALUES (2,'ブラウス・シャツ','2','2015-06-04 09:31:39','2015-06-04 09:31:39'),(12,'レディースファッション','1','2015-06-04 09:31:39','2015-06-04 09:31:39'),(16,'カーディガン','2','2015-06-04 09:31:39','2015-06-04 09:31:39'),(22,'ワンピース','1','2015-06-04 09:31:39','2015-06-04 09:31:39'),(32,'下着・ランジェリー','1','2015-06-04 09:31:39','2015-06-04 09:31:39'),(42,'シューズ','1','2015-06-04 09:31:39','2015-06-04 09:31:39'),(52,'バッグ・<br/>ファッション小物','1','2015-06-04 09:31:39','2015-06-04 09:31:39'),(62,'ビューティ<br/>&amp;ライフ','1','2015-06-04 09:31:39','2015-06-04 09:31:39'),(72,'ネット限定','1','2015-06-04 09:31:39','2015-06-04 09:31:39'),(82,'大きいサイズ','1','2015-06-04 09:31:39','2015-06-04 09:31:39'),(92,'アウトレット<br/>セール','1','2015-06-04 09:31:39','2015-06-04 09:31:39'),(330,'半袖','3','2015-06-04 09:31:39','2015-06-04 09:31:39'),(338,'長袖','3','2015-06-04 09:31:39','2015-06-04 09:31:39'),(340,'半袖・ノースリーブ','3','2015-06-04 09:31:39','2015-06-04 09:31:39'),(341,'アンサンブル・セット','2','2015-06-04 09:31:39','2015-06-04 09:31:39');
/*!40000 ALTER TABLE `item_categories` ENABLE KEYS */;
UNLOCK TABLES;

--
-- Table structure for table `item_features`
--

DROP TABLE IF EXISTS `item_features`;
/*!40101 SET @saved_cs_client     = @@character_set_client */;
/*!40101 SET character_set_client = utf8 */;
CREATE TABLE `item_features` (
  `feature_id` int(11) NOT NULL AUTO_INCREMENT,
  `feature_name` varchar(255) COLLATE utf8_unicode_ci DEFAULT NULL,
  `created_at` datetime DEFAULT NULL,
  `updated_at` datetime DEFAULT NULL,
  `mpn` varchar(255) COLLATE utf8_unicode_ci NOT NULL,
  PRIMARY KEY (`feature_id`)
) ENGINE=InnoDB AUTO_INCREMENT=282 DEFAULT CHARSET=utf8 COLLATE=utf8_unicode_ci;
/*!40101 SET character_set_client = @saved_cs_client */;

--
-- Dumping data for table `item_features`
--

LOCK TABLES `item_features` WRITE;
/*!40000 ALTER TABLE `item_features` DISABLE KEYS */;
INSERT INTO `item_features` VALUES (1,'裾','2015-06-04 09:31:39','2015-06-04 09:31:39','RW-1371'),(2,'ひら','2015-06-04 09:31:39','2015-06-04 09:31:39','RW-1371'),(3,'タンクトップ','2015-06-04 09:31:39','2015-06-04 09:31:39','RW-1371'),(4,'付き','2015-06-04 09:31:39','2015-06-04 09:31:39','RW-1371'),(5,'で','2015-06-04 09:31:39','2015-06-04 09:31:39','RW-1371'),(6,'旬','2015-06-04 09:31:39','2015-06-04 09:31:39','RW-1371'),(7,'な','2015-06-04 09:31:39','2015-06-04 09:31:39','RW-1371'),(8,'大花','2015-06-04 09:31:39','2015-06-04 09:31:39','RW-1371'),(9,'レース','2015-06-04 09:31:39','2015-06-04 09:31:39','RW-1371'),(10,'を','2015-06-04 09:31:39','2015-06-04 09:31:39','RW-1371'),(11,'ベスト','2015-06-04 09:31:39','2015-06-04 09:31:39','RW-1371'),(12,'バランス','2015-06-04 09:31:39','2015-06-04 09:31:39','RW-1371'),(13,'で','2015-06-04 09:31:39','2015-06-04 09:31:39','RW-1371'),(14,'楽しめる','2015-06-04 09:31:39','2015-06-04 09:31:39','RW-1371'),(15,'ブラウス','2015-06-04 09:31:39','2015-06-04 09:31:39','RW-1371'),(16,'は','2015-06-04 09:31:39','2015-06-04 09:31:39','RW-1371'),(17,'ふんわり','2015-06-04 09:31:39','2015-06-04 09:31:39','RW-1371'),(18,'後ろ','2015-06-04 09:31:39','2015-06-04 09:31:39','RW-1371'),(19,'タック','2015-06-04 09:31:39','2015-06-04 09:31:39','RW-1371'),(20,'袖','2015-06-04 09:31:39','2015-06-04 09:31:39','RW-1371'),(21,'や','2015-06-04 09:31:39','2015-06-04 09:31:39','RW-1371'),(22,'裾','2015-06-04 09:31:39','2015-06-04 09:31:39','RW-1371'),(23,'は','2015-06-04 09:31:39','2015-06-04 09:31:39','RW-1371'),(24,'レース','2015-06-04 09:31:39','2015-06-04 09:31:39','RW-1371'),(25,'の','2015-06-04 09:31:39','2015-06-04 09:31:39','RW-1371'),(26,'形','2015-06-04 09:31:39','2015-06-04 09:31:39','RW-1371'),(27,'に','2015-06-04 09:31:39','2015-06-04 09:31:39','RW-1371'),(28,'沿っ','2015-06-04 09:31:39','2015-06-04 09:31:39','RW-1371'),(29,'た','2015-06-04 09:31:39','2015-06-04 09:31:39','RW-1371'),(30,'こだわり','2015-06-04 09:31:39','2015-06-04 09:31:39','RW-1371'),(31,'の','2015-06-04 09:31:39','2015-06-04 09:31:39','RW-1371'),(32,'カッティング','2015-06-04 09:31:39','2015-06-04 09:31:39','RW-1371'),(33,'レース','2015-06-04 09:31:39','2015-06-04 09:31:39','RW-1666'),(34,'トップ','2015-06-04 09:31:39','2015-06-04 09:31:39','RW-1666'),(35,'&','2015-06-04 09:31:39','2015-06-04 09:31:39','RW-1666'),(36,'マキシ','2015-06-04 09:31:39','2015-06-04 09:31:39','RW-1666'),(37,'ワンピース','2015-06-04 09:31:39','2015-06-04 09:31:39','RW-1666'),(38,'サイド','2015-06-04 09:31:39','2015-06-04 09:31:39','RW-1760'),(39,'の','2015-06-04 09:31:39','2015-06-04 09:31:39','RW-1760'),(40,'ドレープ','2015-06-04 09:31:39','2015-06-04 09:31:39','RW-1760'),(41,'を','2015-06-04 09:31:39','2015-06-04 09:31:39','RW-1760'),(42,'ブラウス','2015-06-04 09:31:39','2015-06-04 09:31:39','RW-1760'),(43,'の','2015-06-04 09:31:39','2015-06-04 09:31:39','RW-1760'),(44,'袖','2015-06-04 09:31:39','2015-06-04 09:31:39','RW-1760'),(45,'と','2015-06-04 09:31:39','2015-06-04 09:31:39','RW-1760'),(46,'し','2015-06-04 09:31:39','2015-06-04 09:31:39','RW-1760'),(47,'たり','2015-06-04 09:31:39','2015-06-04 09:31:39','RW-1760'),(48,'前','2015-06-04 09:31:39','2015-06-04 09:31:39','RW-1760'),(49,'に','2015-06-04 09:31:39','2015-06-04 09:31:39','RW-1760'),(50,'垂らし','2015-06-04 09:31:39','2015-06-04 09:31:39','RW-1760'),(51,'て','2015-06-04 09:31:39','2015-06-04 09:31:39','RW-1760'),(52,'華やか','2015-06-04 09:31:39','2015-06-04 09:31:39','RW-1760'),(53,'に','2015-06-04 09:31:39','2015-06-04 09:31:39','RW-1760'),(54,'見せ','2015-06-04 09:31:39','2015-06-04 09:31:39','RW-1760'),(55,'たり','2015-06-04 09:31:39','2015-06-04 09:31:39','RW-1760'),(56,'スカーフ','2015-06-04 09:31:39','2015-06-04 09:31:39','RW-1760'),(57,'状','2015-06-04 09:31:39','2015-06-04 09:31:39','RW-1760'),(58,'に','2015-06-04 09:31:39','2015-06-04 09:31:39','RW-1760'),(59,'結ん','2015-06-04 09:31:39','2015-06-04 09:31:39','RW-1760'),(60,'だり','2015-06-04 09:31:39','2015-06-04 09:31:39','RW-1760'),(61,'と','2015-06-04 09:31:39','2015-06-04 09:31:39','RW-1760'),(62,'さまざま','2015-06-04 09:31:39','2015-06-04 09:31:39','RW-1760'),(63,'な','2015-06-04 09:31:39','2015-06-04 09:31:39','RW-1760'),(64,'表情','2015-06-04 09:31:39','2015-06-04 09:31:39','RW-1760'),(65,'が','2015-06-04 09:31:40','2015-06-04 09:31:40','RW-1760'),(66,'楽しめる','2015-06-04 09:31:40','2015-06-04 09:31:40','RW-1760'),(67,'3','2015-06-04 09:31:40','2015-06-04 09:31:40','RW-1760'),(68,'WAY','2015-06-04 09:31:40','2015-06-04 09:31:40','RW-1760'),(69,'ブラウス','2015-06-04 09:31:40','2015-06-04 09:31:40','RW-1760'),(70,'毎日','2015-06-04 09:31:40','2015-06-04 09:31:40','RW-1760'),(71,'の','2015-06-04 09:31:40','2015-06-04 09:31:40','RW-1760'),(72,'着こなし','2015-06-04 09:31:40','2015-06-04 09:31:40','RW-1760'),(73,'に','2015-06-04 09:31:40','2015-06-04 09:31:40','RW-1760'),(74,'活躍','2015-06-04 09:31:40','2015-06-04 09:31:40','RW-1760'),(75,'し','2015-06-04 09:31:40','2015-06-04 09:31:40','RW-1760'),(76,'そう','2015-06-04 09:31:40','2015-06-04 09:31:40','RW-1760'),(77,'夏','2015-06-04 09:31:40','2015-06-04 09:31:40','RW-1863'),(78,'の','2015-06-04 09:31:40','2015-06-04 09:31:40','RW-1863'),(79,'羽織り','2015-06-04 09:31:40','2015-06-04 09:31:40','RW-1863'),(80,'モノ','2015-06-04 09:31:40','2015-06-04 09:31:40','RW-1863'),(81,'は','2015-06-04 09:31:40','2015-06-04 09:31:40','RW-1863'),(82,'フー','2015-06-04 09:31:40','2015-06-04 09:31:40','RW-1863'),(83,'デッド','2015-06-04 09:31:40','2015-06-04 09:31:40','RW-1863'),(84,'カーディガン','2015-06-04 09:31:40','2015-06-04 09:31:40','RW-1863'),(85,'で','2015-06-04 09:31:40','2015-06-04 09:31:40','RW-1863'),(86,'決まり','2015-06-04 09:31:40','2015-06-04 09:31:40','RW-1863'),(87,'透け','2015-06-04 09:31:40','2015-06-04 09:31:40','RW-1863'),(88,'感','2015-06-04 09:31:40','2015-06-04 09:31:40','RW-1863'),(89,'ある','2015-06-04 09:31:40','2015-06-04 09:31:40','RW-1863'),(90,'軽やか','2015-06-04 09:31:40','2015-06-04 09:31:40','RW-1863'),(91,'な','2015-06-04 09:31:40','2015-06-04 09:31:40','RW-1863'),(92,'編み','2015-06-04 09:31:40','2015-06-04 09:31:40','RW-1863'),(93,'地','2015-06-04 09:31:40','2015-06-04 09:31:40','RW-1863'),(94,'の','2015-06-04 09:31:40','2015-06-04 09:31:40','RW-1863'),(95,'ニットソー','2015-06-04 09:31:40','2015-06-04 09:31:40','RW-1863'),(96,'素材','2015-06-04 09:31:40','2015-06-04 09:31:40','RW-1863'),(97,'フロント','2015-06-04 09:31:40','2015-06-04 09:31:40','RW-1863'),(98,'は','2015-06-04 09:31:40','2015-06-04 09:31:40','RW-1863'),(99,'ノー','2015-06-04 09:31:40','2015-06-04 09:31:40','RW-1863'),(100,'ボタン','2015-06-04 09:31:40','2015-06-04 09:31:40','RW-1863'),(101,'で','2015-06-04 09:31:40','2015-06-04 09:31:40','RW-1863'),(102,'さらり','2015-06-04 09:31:40','2015-06-04 09:31:40','RW-1863'),(103,'と','2015-06-04 09:31:40','2015-06-04 09:31:40','RW-1863'),(104,'羽織る','2015-06-04 09:31:40','2015-06-04 09:31:40','RW-1863'),(105,'と','2015-06-04 09:31:40','2015-06-04 09:31:40','RW-1863'),(106,'フロント','2015-06-04 09:31:40','2015-06-04 09:31:40','RW-1863'),(107,'に','2015-06-04 09:31:40','2015-06-04 09:31:40','RW-1863'),(108,'程よい','2015-06-04 09:31:40','2015-06-04 09:31:40','RW-1863'),(109,'量感','2015-06-04 09:31:40','2015-06-04 09:31:40','RW-1863'),(110,'が','2015-06-04 09:31:40','2015-06-04 09:31:40','RW-1863'),(111,'出る','2015-06-04 09:31:40','2015-06-04 09:31:40','RW-1863'),(112,'仕立て','2015-06-04 09:31:40','2015-06-04 09:31:40','RW-1863'),(113,'ロールアップ','2015-06-04 09:31:40','2015-06-04 09:31:40','RW-1863'),(114,'仕様','2015-06-04 09:31:40','2015-06-04 09:31:40','RW-1863'),(115,'の','2015-06-04 09:31:40','2015-06-04 09:31:40','RW-1863'),(116,'袖','2015-06-04 09:31:40','2015-06-04 09:31:40','RW-1863'),(117,'で','2015-06-04 09:31:40','2015-06-04 09:31:40','RW-1863'),(118,'カジュアル','2015-06-04 09:31:40','2015-06-04 09:31:40','RW-1863'),(119,'感','2015-06-04 09:31:40','2015-06-04 09:31:40','RW-1863'),(120,'も','2015-06-04 09:31:40','2015-06-04 09:31:40','RW-1863'),(121,'アップ','2015-06-04 09:31:40','2015-06-04 09:31:40','RW-1863'),(122,'し','2015-06-04 09:31:40','2015-06-04 09:31:40','RW-1863'),(123,'て','2015-06-04 09:31:40','2015-06-04 09:31:40','RW-1863'),(124,'ふわり','2015-06-04 09:31:40','2015-06-04 09:31:40','RW-1866'),(125,'と','2015-06-04 09:31:40','2015-06-04 09:31:40','RW-1866'),(126,'揺れる','2015-06-04 09:31:40','2015-06-04 09:31:40','RW-1866'),(127,'たび','2015-06-04 09:31:40','2015-06-04 09:31:40','RW-1866'),(128,'に','2015-06-04 09:31:40','2015-06-04 09:31:40','RW-1866'),(129,'清涼','2015-06-04 09:31:40','2015-06-04 09:31:40','RW-1866'),(130,'感','2015-06-04 09:31:40','2015-06-04 09:31:40','RW-1866'),(131,'クール','2015-06-04 09:31:40','2015-06-04 09:31:40','RW-1866'),(132,'な','2015-06-04 09:31:40','2015-06-04 09:31:40','RW-1866'),(133,'夏','2015-06-04 09:31:40','2015-06-04 09:31:40','RW-1866'),(134,'ブラウス','2015-06-04 09:31:40','2015-06-04 09:31:40','RW-1866'),(135,'後ろ','2015-06-04 09:31:40','2015-06-04 09:31:40','RW-1866'),(136,'が','2015-06-04 09:31:40','2015-06-04 09:31:40','RW-1866'),(137,'長め','2015-06-04 09:31:40','2015-06-04 09:31:40','RW-1866'),(138,'の','2015-06-04 09:31:40','2015-06-04 09:31:40','RW-1866'),(139,'イレギュラー','2015-06-04 09:31:40','2015-06-04 09:31:40','RW-1866'),(140,'ヘム','2015-06-04 09:31:40','2015-06-04 09:31:40','RW-1866'),(141,'が','2015-06-04 09:31:40','2015-06-04 09:31:40','RW-1866'),(142,'爽やか','2015-06-04 09:31:40','2015-06-04 09:31:40','RW-1866'),(143,'に','2015-06-04 09:31:40','2015-06-04 09:31:40','RW-1866'),(144,'揺れる','2015-06-04 09:31:40','2015-06-04 09:31:40','RW-1866'),(145,'ノースリーブ','2015-06-04 09:31:40','2015-06-04 09:31:40','RW-1866'),(146,'ブラウス','2015-06-04 09:31:40','2015-06-04 09:31:40','RW-1866'),(147,'やや','2015-06-04 09:31:40','2015-06-04 09:31:40','RW-1866'),(148,'肉','2015-06-04 09:31:40','2015-06-04 09:31:40','RW-1866'),(149,'厚','2015-06-04 09:31:40','2015-06-04 09:31:40','RW-1866'),(150,'な','2015-06-04 09:31:40','2015-06-04 09:31:40','RW-1866'),(151,'シフォン','2015-06-04 09:31:40','2015-06-04 09:31:40','RW-1866'),(152,'素材','2015-06-04 09:31:40','2015-06-04 09:31:40','RW-1866'),(153,'は','2015-06-04 09:31:40','2015-06-04 09:31:40','RW-1866'),(154,'ほんのり','2015-06-04 09:31:40','2015-06-04 09:31:40','RW-1866'),(155,'透け','2015-06-04 09:31:40','2015-06-04 09:31:40','RW-1866'),(156,'て','2015-06-04 09:31:40','2015-06-04 09:31:40','RW-1866'),(157,'落ち','2015-06-04 09:31:40','2015-06-04 09:31:40','RW-1866'),(158,'感','2015-06-04 09:31:40','2015-06-04 09:31:40','RW-1866'),(159,'も','2015-06-04 09:31:40','2015-06-04 09:31:40','RW-1866'),(160,'きれい','2015-06-04 09:31:40','2015-06-04 09:31:40','RW-1866'),(161,'ヒップ','2015-06-04 09:31:40','2015-06-04 09:31:40','RW-1866'),(162,'の','2015-06-04 09:31:40','2015-06-04 09:31:40','RW-1866'),(163,'隠れる','2015-06-04 09:31:40','2015-06-04 09:31:40','RW-1866'),(164,'チュニック','2015-06-04 09:31:40','2015-06-04 09:31:40','RW-1866'),(165,'丈','2015-06-04 09:31:40','2015-06-04 09:31:40','RW-1866'),(166,'は','2015-06-04 09:31:40','2015-06-04 09:31:40','RW-1866'),(167,'スカート','2015-06-04 09:31:40','2015-06-04 09:31:40','RW-1866'),(168,'に','2015-06-04 09:31:40','2015-06-04 09:31:40','RW-1866'),(169,'も','2015-06-04 09:31:40','2015-06-04 09:31:40','RW-1866'),(170,'パンツ','2015-06-04 09:31:40','2015-06-04 09:31:40','RW-1866'),(171,'に','2015-06-04 09:31:40','2015-06-04 09:31:40','RW-1866'),(172,'も','2015-06-04 09:31:40','2015-06-04 09:31:40','RW-1866'),(173,'合う','2015-06-04 09:31:40','2015-06-04 09:31:40','RW-1866'),(174,'心','2015-06-04 09:31:40','2015-06-04 09:31:40','RW-1879'),(175,'を','2015-06-04 09:31:40','2015-06-04 09:31:40','RW-1879'),(176,'くすぐる','2015-06-04 09:31:40','2015-06-04 09:31:40','RW-1879'),(177,'ふんわり','2015-06-04 09:31:40','2015-06-04 09:31:40','RW-1879'),(178,'フリル','2015-06-04 09:31:40','2015-06-04 09:31:40','RW-1879'),(179,'袖','2015-06-04 09:31:40','2015-06-04 09:31:40','RW-1879'),(180,'ドレープ','2015-06-04 09:31:40','2015-06-04 09:31:40','RW-1879'),(181,'感','2015-06-04 09:31:40','2015-06-04 09:31:40','RW-1879'),(182,'の','2015-06-04 09:31:40','2015-06-04 09:31:40','RW-1879'),(183,'ある','2015-06-04 09:31:40','2015-06-04 09:31:40','RW-1879'),(184,'フリル','2015-06-04 09:31:40','2015-06-04 09:31:40','RW-1879'),(185,'スリーブ','2015-06-04 09:31:40','2015-06-04 09:31:40','RW-1879'),(186,'が','2015-06-04 09:31:40','2015-06-04 09:31:40','RW-1879'),(187,'最高','2015-06-04 09:31:40','2015-06-04 09:31:40','RW-1879'),(188,'に','2015-06-04 09:31:40','2015-06-04 09:31:40','RW-1879'),(189,'キュート','2015-06-04 09:31:40','2015-06-04 09:31:40','RW-1879'),(190,'な','2015-06-04 09:31:40','2015-06-04 09:31:40','RW-1879'),(191,'ブラウス','2015-06-04 09:31:40','2015-06-04 09:31:40','RW-1879'),(192,'は','2015-06-04 09:31:40','2015-06-04 09:31:40','RW-1879'),(193,'フロント','2015-06-04 09:31:40','2015-06-04 09:31:40','RW-1879'),(194,'が','2015-06-04 09:31:40','2015-06-04 09:31:40','RW-1879'),(195,'短い','2015-06-04 09:31:40','2015-06-04 09:31:40','RW-1879'),(196,'イレギュラー','2015-06-04 09:31:40','2015-06-04 09:31:40','RW-1879'),(197,'ヘム','2015-06-04 09:31:40','2015-06-04 09:31:40','RW-1879'),(198,'仕様','2015-06-04 09:31:40','2015-06-04 09:31:40','RW-1879'),(199,'だ','2015-06-04 09:31:40','2015-06-04 09:31:40','RW-1879'),(200,'から','2015-06-04 09:31:40','2015-06-04 09:31:40','RW-1879'),(201,'バランス','2015-06-04 09:31:40','2015-06-04 09:31:40','RW-1879'),(202,'よく','2015-06-04 09:31:40','2015-06-04 09:31:40','RW-1879'),(203,'着こなせる','2015-06-04 09:31:40','2015-06-04 09:31:40','RW-1879'),(204,'表面','2015-06-04 09:31:40','2015-06-04 09:31:40','RW-1879'),(205,'感','2015-06-04 09:31:40','2015-06-04 09:31:40','RW-1879'),(206,'の','2015-06-04 09:31:40','2015-06-04 09:31:40','RW-1879'),(207,'ある','2015-06-04 09:31:40','2015-06-04 09:31:40','RW-1879'),(208,'涼しげ','2015-06-04 09:31:40','2015-06-04 09:31:40','RW-1879'),(209,'な','2015-06-04 09:31:40','2015-06-04 09:31:40','RW-1879'),(210,'ジョーゼット','2015-06-04 09:31:40','2015-06-04 09:31:40','RW-1879'),(211,'で','2015-06-04 09:31:40','2015-06-04 09:31:40','RW-1879'),(212,'爽やか','2015-06-04 09:31:40','2015-06-04 09:31:40','RW-1879'),(213,'に','2015-06-04 09:31:40','2015-06-04 09:31:40','RW-1879'),(214,'夏','2015-06-04 09:31:40','2015-06-04 09:31:40','RW-1879'),(215,'を','2015-06-04 09:31:40','2015-06-04 09:31:40','RW-1879'),(216,'満喫','2015-06-04 09:31:40','2015-06-04 09:31:40','RW-1879'),(217,'し','2015-06-04 09:31:40','2015-06-04 09:31:40','RW-1879'),(218,'て','2015-06-04 09:31:40','2015-06-04 09:31:40','RW-1879'),(219,'パステル','2015-06-04 09:31:40','2015-06-04 09:31:40','RW-1879'),(220,'から','2015-06-04 09:31:40','2015-06-04 09:31:40','RW-1879'),(221,'ベーシック','2015-06-04 09:31:40','2015-06-04 09:31:40','RW-1879'),(222,'カラー','2015-06-04 09:31:40','2015-06-04 09:31:40','RW-1879'),(223,'まで','2015-06-04 09:31:40','2015-06-04 09:31:40','RW-1879'),(224,'何','2015-06-04 09:31:40','2015-06-04 09:31:40','RW-1879'),(225,'枚','2015-06-04 09:31:40','2015-06-04 09:31:40','RW-1879'),(226,'でも','2015-06-04 09:31:40','2015-06-04 09:31:40','RW-1879'),(227,'欲しく','2015-06-04 09:31:40','2015-06-04 09:31:40','RW-1879'),(228,'なる','2015-06-04 09:31:40','2015-06-04 09:31:40','RW-1879'),(229,'5','2015-06-04 09:31:40','2015-06-04 09:31:40','RW-1879'),(230,'色','2015-06-04 09:31:40','2015-06-04 09:31:40','RW-1879'),(231,'展開','2015-06-04 09:31:40','2015-06-04 09:31:40','RW-1879'),(232,'爽やか','2015-06-04 09:31:40','2015-06-04 09:31:40','RW-1939'),(233,'キュート','2015-06-04 09:31:40','2015-06-04 09:31:40','RW-1939'),(234,'な','2015-06-04 09:31:40','2015-06-04 09:31:40','RW-1939'),(235,'ヘルシー','2015-06-04 09:31:40','2015-06-04 09:31:40','RW-1939'),(236,'肌','2015-06-04 09:31:40','2015-06-04 09:31:40','RW-1939'),(237,'見せ','2015-06-04 09:31:40','2015-06-04 09:31:40','RW-1939'),(238,'に','2015-06-04 09:31:40','2015-06-04 09:31:40','RW-1939'),(239,'ドキッ','2015-06-04 09:31:40','2015-06-04 09:31:40','RW-1939'),(240,'ボリューム','2015-06-04 09:31:40','2015-06-04 09:31:40','RW-1939'),(241,'ある','2015-06-04 09:31:40','2015-06-04 09:31:40','RW-1939'),(242,'フレア','2015-06-04 09:31:40','2015-06-04 09:31:40','RW-1939'),(243,'デザイン','2015-06-04 09:31:40','2015-06-04 09:31:40','RW-1939'),(244,'や','2015-06-04 09:31:40','2015-06-04 09:31:40','RW-1939'),(245,'今どき','2015-06-04 09:31:40','2015-06-04 09:31:40','RW-1939'),(246,'ボトム','2015-06-04 09:31:40','2015-06-04 09:31:40','RW-1939'),(247,'と','2015-06-04 09:31:40','2015-06-04 09:31:40','RW-1939'),(248,'相性','2015-06-04 09:31:40','2015-06-04 09:31:40','RW-1939'),(249,'な','2015-06-04 09:31:40','2015-06-04 09:31:40','RW-1939'),(250,'ショート','2015-06-04 09:31:40','2015-06-04 09:31:40','RW-1939'),(251,'丈','2015-06-04 09:31:40','2015-06-04 09:31:40','RW-1939'),(252,'が','2015-06-04 09:31:40','2015-06-04 09:31:40','RW-1939'),(253,'好','2015-06-04 09:31:40','2015-06-04 09:31:40','RW-1939'),(254,'バランス','2015-06-04 09:31:40','2015-06-04 09:31:40','RW-1939'),(255,'ストライプ','2015-06-04 09:31:40','2015-06-04 09:31:40','RW-1939'),(256,'調','2015-06-04 09:31:40','2015-06-04 09:31:40','RW-1939'),(257,'の','2015-06-04 09:31:40','2015-06-04 09:31:40','RW-1939'),(258,'凹凸','2015-06-04 09:31:40','2015-06-04 09:31:40','RW-1939'),(259,'ある','2015-06-04 09:31:40','2015-06-04 09:31:40','RW-1939'),(260,'軽やか','2015-06-04 09:31:40','2015-06-04 09:31:40','RW-1939'),(261,'な','2015-06-04 09:31:40','2015-06-04 09:31:40','RW-1939'),(262,'素材','2015-06-04 09:31:40','2015-06-04 09:31:40','RW-1939'),(263,'で','2015-06-04 09:31:40','2015-06-04 09:31:40','RW-1939'),(264,'夏','2015-06-04 09:31:40','2015-06-04 09:31:40','RW-1939'),(265,'らし','2015-06-04 09:31:40','2015-06-04 09:31:40','RW-1939'),(266,'さ','2015-06-04 09:31:40','2015-06-04 09:31:40','RW-1939'),(267,'満点','2015-06-04 09:31:40','2015-06-04 09:31:40','RW-1939'),(268,'ウエスト','2015-06-04 09:31:40','2015-06-04 09:31:40','RW-1939'),(269,'シャーリング','2015-06-04 09:31:40','2015-06-04 09:31:40','RW-1939'),(270,'で','2015-06-04 09:31:40','2015-06-04 09:31:40','RW-1939'),(271,'ブラウジング','2015-06-04 09:31:40','2015-06-04 09:31:40','RW-1939'),(272,'も','2015-06-04 09:31:40','2015-06-04 09:31:40','RW-1939'),(273,'でき','2015-06-04 09:31:40','2015-06-04 09:31:40','RW-1939'),(274,'肩','2015-06-04 09:31:40','2015-06-04 09:31:40','RW-1939'),(275,'ひも','2015-06-04 09:31:40','2015-06-04 09:31:40','RW-1939'),(276,'は','2015-06-04 09:31:40','2015-06-04 09:31:40','RW-1939'),(277,'アジャスター','2015-06-04 09:31:40','2015-06-04 09:31:40','RW-1939'),(278,'で','2015-06-04 09:31:40','2015-06-04 09:31:40','RW-1939'),(279,'調節','2015-06-04 09:31:40','2015-06-04 09:31:40','RW-1939'),(280,'も','2015-06-04 09:31:40','2015-06-04 09:31:40','RW-1939'),(281,'可能','2015-06-04 09:31:40','2015-06-04 09:31:40','RW-1939');
/*!40000 ALTER TABLE `item_features` ENABLE KEYS */;
UNLOCK TABLES;

--
-- Table structure for table `item_item_categories`
--

DROP TABLE IF EXISTS `item_item_categories`;
/*!40101 SET @saved_cs_client     = @@character_set_client */;
/*!40101 SET character_set_client = utf8 */;
CREATE TABLE `item_item_categories` (
  `id` int(11) NOT NULL AUTO_INCREMENT,
  `item_id` varchar(255) COLLATE utf8_unicode_ci NOT NULL,
  `item_category_id` int(11) NOT NULL,
  `created_at` datetime DEFAULT NULL,
  `updated_at` datetime DEFAULT NULL,
  PRIMARY KEY (`id`),
  KEY `index_item_item_categories_on_item_id` (`item_id`),
  KEY `index_item_item_categories_on_item_category_id` (`item_category_id`)
) ENGINE=InnoDB AUTO_INCREMENT=15 DEFAULT CHARSET=utf8 COLLATE=utf8_unicode_ci;
/*!40101 SET character_set_client = @saved_cs_client */;

--
-- Dumping data for table `item_item_categories`
--

LOCK TABLES `item_item_categories` WRITE;
/*!40000 ALTER TABLE `item_item_categories` DISABLE KEYS */;
INSERT INTO `item_item_categories` VALUES (1,'RW-1879',2,'2015-06-04 09:31:39','2015-06-04 09:31:39'),(2,'RW-1879',12,'2015-06-04 09:31:39','2015-06-04 09:31:39'),(3,'RW-1879',330,'2015-06-04 09:31:39','2015-06-04 09:31:39'),(4,'RW-1371',12,'2015-06-04 09:31:39','2015-06-04 09:31:39'),(5,'RW-1371',2,'2015-06-04 09:31:39','2015-06-04 09:31:39'),(6,'RW-1371',340,'2015-06-04 09:31:39','2015-06-04 09:31:39'),(7,'RW-1939',12,'2015-06-04 09:31:39','2015-06-04 09:31:39'),(8,'RW-1939',2,'2015-06-04 09:31:39','2015-06-04 09:31:39'),(9,'RW-1939',340,'2015-06-04 09:31:39','2015-06-04 09:31:39'),(10,'RW-1760',12,'2015-06-04 09:31:39','2015-06-04 09:31:39'),(11,'RW-1760',2,'2015-06-04 09:31:39','2015-06-04 09:31:39'),(12,'RW-1760',340,'2015-06-04 09:31:39','2015-06-04 09:31:39'),(13,'RW-1666',12,'2015-06-04 09:31:39','2015-06-04 09:31:39'),(14,'RW-1666',341,'2015-06-04 09:31:39','2015-06-04 09:31:39');
/*!40000 ALTER TABLE `item_item_categories` ENABLE KEYS */;
UNLOCK TABLES;

--
-- Table structure for table `items`
--

DROP TABLE IF EXISTS `items`;
/*!40101 SET @saved_cs_client     = @@character_set_client */;
/*!40101 SET character_set_client = utf8 */;
CREATE TABLE `items` (
  `mpn` varchar(255) COLLATE utf8_unicode_ci NOT NULL,
  `detailed_item_info` varchar(255) COLLATE utf8_unicode_ci DEFAULT NULL,
  `item_info` varchar(255) COLLATE utf8_unicode_ci DEFAULT NULL,
  `qty` int(11) DEFAULT NULL,
  `item_size` int(11) DEFAULT NULL,
  `color` varchar(255) COLLATE utf8_unicode_ci DEFAULT NULL,
  `list_price` int(11) DEFAULT NULL,
  `item_name` varchar(255) COLLATE utf8_unicode_ci DEFAULT NULL,
  `item_image` varchar(255) COLLATE utf8_unicode_ci DEFAULT NULL,
  `created_at` datetime DEFAULT NULL,
  `updated_at` datetime DEFAULT NULL,
  PRIMARY KEY (`mpn`)
) ENGINE=InnoDB DEFAULT CHARSET=utf8 COLLATE=utf8_unicode_ci;
/*!40101 SET character_set_client = @saved_cs_client */;

--
-- Dumping data for table `items`
--

LOCK TABLES `items` WRITE;
/*!40000 ALTER TABLE `items` DISABLE KEYS */;
INSERT INTO `items` VALUES ('RW-1371','ブラウス/ポリエステル100%(レース)、タンクトップ/レーヨン93%・ポリウレタン7%(カットソー)','裾ひらタンクトップ付きで、旬な大花レースをベストバランスで楽しめる!ブラウスはふんわり後ろタック、袖や裾はレースの形に沿ったこだわりのカッティング。',1,9,'オフホワイト',6469,'レースブラウス&タンクトップ','RW-1371.jpg','2015-06-04 09:31:39','2015-06-04 09:31:39'),('RW-1666','セットでも単品でも着回せて大活躍','レーストップ&マキシワンピース',1,9,'スモークピンク',6469,'レーストップ&マキシワンピース','RW-1666.jpg','2015-06-04 09:31:39','2015-06-04 09:31:39'),('RW-1760','ポリエステル100%(ジョーゼット)','サイドのドレープをブラウスの袖としたり、前に垂らして華やかに見せたり、スカーフ状に結んだりと、さまざまな表情が楽しめる3WAYブラウス。毎日の着こなしに活躍しそう。',1,9,'グリーン',4957,'3WAYブラウス','RW-1760.jpg','2015-06-04 09:31:39','2015-06-04 09:31:39'),('RW-1863','ポリエステル100%(カットソー)','夏の羽織りモノはフーデッドカーディガンで決まり!\n透け感ある軽やかな編み地のニットソー素材。フロントはノーボタンで、さらりと羽織るとフロントに程よい量感が出る仕立て。ロールアップ仕様の袖でカジュアル感もアップして。',1,5,'グレー',1998,'ニットソーカーディガン','53001RW-1863_1.jpg','2015-06-04 09:31:39','2015-06-04 09:31:39'),('RW-1866','ポリエステル100%(シフォン)','ふわりと揺れるたびに清涼感!クールな夏ブラウス。\n後ろが長めのイレギュラーヘムが爽やかに揺れるノースリーブブラウス。やや肉厚なシフォン素材はほんのり透けて、落ち感もきれい。ヒップの隠れるチュニック丈はスカートにもパンツにも合う!',1,7,'レッド系',1998,'ノースリーブフレアブラウス','53001RW-1866_4.jpg','2015-06-04 09:31:39','2015-06-04 09:31:39'),('RW-1879','ポリエステル100%(ジョーゼット)','心をくすぐる、ふんわりフリル袖☆\nドレープ感のあるフリルスリーブが最高にキュートなブラウスは、フロントが短いイレギュラーヘム仕様だからバランスよく着こなせる♪ 表面感のある涼しげなジョーゼットで、爽やかに夏を満喫して。パステルからベーシックカラーまで何枚でも欲しくなる5色展開。',1,9,'ライトベージュ',1998,'シフォンフリルブラウス','54001RW-1879_1.jpg','2015-06-04 09:31:39','2015-06-04 09:31:39'),('RW-1939','ポリエステル65%・綿35%(織物)','爽やかキュートなヘルシー肌見せにドキッ☆\nボリュームあるフレアデザインや、今どきボトムと相性◎なショート丈が好バランス☆ストライプ調の凹凸ある軽やかな素材で夏らしさ満点!ウエストシャーリングでブラウジングもでき、肩ひもはアジャスターで調節も可能。',1,9,'オフホワイト',2149,'キャミフレアブラウス','RW-1939.jpg','2015-06-04 09:31:39','2015-06-04 09:31:39');
/*!40000 ALTER TABLE `items` ENABLE KEYS */;
UNLOCK TABLES;

--
-- Table structure for table `schema_migrations`
--

DROP TABLE IF EXISTS `schema_migrations`;
/*!40101 SET @saved_cs_client     = @@character_set_client */;
/*!40101 SET character_set_client = utf8 */;
CREATE TABLE `schema_migrations` (
  `version` varchar(255) COLLATE utf8_unicode_ci NOT NULL,
  UNIQUE KEY `unique_schema_migrations` (`version`)
) ENGINE=InnoDB DEFAULT CHARSET=utf8 COLLATE=utf8_unicode_ci;
/*!40101 SET character_set_client = @saved_cs_client */;

--
-- Dumping data for table `schema_migrations`
--

LOCK TABLES `schema_migrations` WRITE;
/*!40000 ALTER TABLE `schema_migrations` DISABLE KEYS */;
INSERT INTO `schema_migrations` VALUES ('20150225075832'),('20150225083151'),('20150225083152'),('20150225083153'),('20150225083154'),('20150225083155'),('20150225083156'),('20150225083157'),('20150225083158'),('20150225083159'),('20150225083160'),('20150225083161'),('20150225083162'),('20150225083163'),('20150225083164'),('20150225083165'),('20150225083166'),('20150225083167'),('20150225083168'),('20150225083169'),('20150225083170'),('20150225083171'),('20150225083172'),('20150225083173'),('20150225083174'),('20150225083175'),('20150225083176'),('20150225083177'),('20150225083178'),('20150225083179'),('20150225083180'),('20150225083181'),('20150225083182'),('20150225083183'),('20150225083184'),('20150225083185'),('20150225083186'),('20150225083187'),('20150225083188'),('20150225083189'),('20150225083190'),('20150225083191'),('20150225083192'),('20150225083193'),('20150225083194'),('20150225083195'),('20150225083196'),('20150225083197'),('20150225083198'),('20150225083199'),('20150225083200'),('20150225083201'),('20150225083202'),('20150225083203'),('20150225083204'),('20150225083205'),('20150225083206'),('20150225083207'),('20150225083208'),('20150225083209'),('20150225083210'),('20150225083211'),('20150225083212'),('20150225083213'),('20150225083214'),('20150225083215'),('20150225083216'),('20150225083217'),('20150225083218'),('20150225083219'),('20150225083220'),('20150225083221'),('20150225083222'),('20150225083223'),('20150225083224'),('20150225083225'),('20150225083226'),('20150225083227'),('20150225083228'),('20150225083229'),('20150225083230'),('20150225083231'),('20150225083232'),('20150225083233'),('20150225083234'),('20150225083235'),('20150225083236'),('20150225083237'),('20150225083238'),('20150225083239'),('20150225083240'),('20150225083241'),('20150225083242'),('20150225083243'),('20150225083244'),('20150225083245'),('20150225083246'),('20150225083247'),('20150225083248'),('20150225083249'),('20150225083250'),('20150225083251'),('20150225083252'),('20150225083253'),('20150225083254'),('20150225083255'),('20150225083256'),('20150225083257'),('20150225083258'),('20150225083259'),('20150225083260'),('20150225083261'),('20150225083262'),('20150225083263'),('20150225083264'),('20150225083265'),('20150225083266'),('20150225083267'),('20150225083268'),('20150225083269'),('20150225083270'),('20150225083271'),('20150225083272'),('20150225083273'),('20150225083274'),('20150225083275'),('20150225083276'),('20150225083277'),('20150225083278'),('20150225083279'),('20150225083280'),('20150225083281'),('20150225083282'),('20150225083283'),('20150225083284'),('20150225083285'),('20150225083286'),('20150225083287'),('20150225083288'),('20150225083289'),('20150225083290'),('20150225083291'),('20150225083292'),('20150225083293'),('20150225083294'),('20150225083295'),('20150225083296'),('20150225083297'),('20150225083298'),('20150225083299'),('20150225083300'),('20150225083301'),('20150225083302'),('20150225083303'),('20150225083304'),('20150225083305'),('20150225083306'),('20150228002043'),('20150228002044'),('20150228002045'),('20150228002046'),('20150228002047'),('20150302125720'),('20150520031236'),('20150520031417'),('20150520035847'),('20150521070451'),('20150521084056'),('20150525065115');
/*!40000 ALTER TABLE `schema_migrations` ENABLE KEYS */;
UNLOCK TABLES;

--
-- Table structure for table `spree_addresses`
--

DROP TABLE IF EXISTS `spree_addresses`;
/*!40101 SET @saved_cs_client     = @@character_set_client */;
/*!40101 SET character_set_client = utf8 */;
CREATE TABLE `spree_addresses` (
  `id` int(11) NOT NULL AUTO_INCREMENT,
  `firstname` varchar(255) COLLATE utf8_unicode_ci DEFAULT NULL,
  `lastname` varchar(255) COLLATE utf8_unicode_ci DEFAULT NULL,
  `address1` varchar(255) COLLATE utf8_unicode_ci DEFAULT NULL,
  `address2` varchar(255) COLLATE utf8_unicode_ci DEFAULT NULL,
  `city` varchar(255) COLLATE utf8_unicode_ci DEFAULT NULL,
  `zipcode` varchar(255) COLLATE utf8_unicode_ci DEFAULT NULL,
  `phone` varchar(255) COLLATE utf8_unicode_ci DEFAULT NULL,
  `state_name` varchar(255) COLLATE utf8_unicode_ci DEFAULT NULL,
  `alternative_phone` varchar(255) COLLATE utf8_unicode_ci DEFAULT NULL,
  `company` varchar(255) COLLATE utf8_unicode_ci DEFAULT NULL,
  `state_id` int(11) DEFAULT NULL,
  `country_id` int(11) DEFAULT NULL,
  `created_at` datetime DEFAULT NULL,
  `updated_at` datetime DEFAULT NULL,
  PRIMARY KEY (`id`),
  KEY `index_addresses_on_firstname` (`firstname`),
  KEY `index_addresses_on_lastname` (`lastname`),
  KEY `index_spree_addresses_on_country_id` (`country_id`),
  KEY `index_spree_addresses_on_state_id` (`state_id`)
) ENGINE=InnoDB DEFAULT CHARSET=utf8 COLLATE=utf8_unicode_ci;
/*!40101 SET character_set_client = @saved_cs_client */;

--
-- Dumping data for table `spree_addresses`
--

LOCK TABLES `spree_addresses` WRITE;
/*!40000 ALTER TABLE `spree_addresses` DISABLE KEYS */;
/*!40000 ALTER TABLE `spree_addresses` ENABLE KEYS */;
UNLOCK TABLES;

--
-- Table structure for table `spree_adjustments`
--

DROP TABLE IF EXISTS `spree_adjustments`;
/*!40101 SET @saved_cs_client     = @@character_set_client */;
/*!40101 SET character_set_client = utf8 */;
CREATE TABLE `spree_adjustments` (
  `id` int(11) NOT NULL AUTO_INCREMENT,
  `source_id` int(11) DEFAULT NULL,
  `source_type` varchar(255) COLLATE utf8_unicode_ci DEFAULT NULL,
  `adjustable_id` int(11) DEFAULT NULL,
  `adjustable_type` varchar(255) COLLATE utf8_unicode_ci DEFAULT NULL,
  `amount` decimal(10,2) DEFAULT NULL,
  `label` varchar(255) COLLATE utf8_unicode_ci DEFAULT NULL,
  `mandatory` tinyint(1) DEFAULT NULL,
  `eligible` tinyint(1) DEFAULT '1',
  `created_at` datetime DEFAULT NULL,
  `updated_at` datetime DEFAULT NULL,
  `state` varchar(255) COLLATE utf8_unicode_ci DEFAULT NULL,
  `order_id` int(11) DEFAULT NULL,
  `included` tinyint(1) DEFAULT '0',
  PRIMARY KEY (`id`),
  KEY `index_adjustments_on_order_id` (`adjustable_id`),
  KEY `index_spree_adjustments_on_adjustable_id_and_adjustable_type` (`adjustable_id`,`adjustable_type`),
  KEY `index_spree_adjustments_on_eligible` (`eligible`),
  KEY `index_spree_adjustments_on_order_id` (`order_id`),
  KEY `index_spree_adjustments_on_source_id_and_source_type` (`source_id`,`source_type`)
) ENGINE=InnoDB DEFAULT CHARSET=utf8 COLLATE=utf8_unicode_ci;
/*!40101 SET character_set_client = @saved_cs_client */;

--
-- Dumping data for table `spree_adjustments`
--

LOCK TABLES `spree_adjustments` WRITE;
/*!40000 ALTER TABLE `spree_adjustments` DISABLE KEYS */;
/*!40000 ALTER TABLE `spree_adjustments` ENABLE KEYS */;
UNLOCK TABLES;

--
-- Table structure for table `spree_assets`
--

DROP TABLE IF EXISTS `spree_assets`;
/*!40101 SET @saved_cs_client     = @@character_set_client */;
/*!40101 SET character_set_client = utf8 */;
CREATE TABLE `spree_assets` (
  `id` int(11) NOT NULL AUTO_INCREMENT,
  `viewable_id` int(11) DEFAULT NULL,
  `viewable_type` varchar(255) COLLATE utf8_unicode_ci DEFAULT NULL,
  `attachment_width` int(11) DEFAULT NULL,
  `attachment_height` int(11) DEFAULT NULL,
  `attachment_file_size` int(11) DEFAULT NULL,
  `position` int(11) DEFAULT NULL,
  `attachment_content_type` varchar(255) COLLATE utf8_unicode_ci DEFAULT NULL,
  `attachment_file_name` varchar(255) COLLATE utf8_unicode_ci DEFAULT NULL,
  `type` varchar(75) COLLATE utf8_unicode_ci DEFAULT NULL,
  `attachment_updated_at` datetime DEFAULT NULL,
  `alt` text COLLATE utf8_unicode_ci,
  `created_at` datetime DEFAULT NULL,
  `updated_at` datetime DEFAULT NULL,
  PRIMARY KEY (`id`),
  KEY `index_assets_on_viewable_id` (`viewable_id`),
  KEY `index_assets_on_viewable_type_and_type` (`viewable_type`,`type`)
) ENGINE=InnoDB DEFAULT CHARSET=utf8 COLLATE=utf8_unicode_ci;
/*!40101 SET character_set_client = @saved_cs_client */;

--
-- Dumping data for table `spree_assets`
--

LOCK TABLES `spree_assets` WRITE;
/*!40000 ALTER TABLE `spree_assets` DISABLE KEYS */;
/*!40000 ALTER TABLE `spree_assets` ENABLE KEYS */;
UNLOCK TABLES;

--
-- Table structure for table `spree_calculators`
--

DROP TABLE IF EXISTS `spree_calculators`;
/*!40101 SET @saved_cs_client     = @@character_set_client */;
/*!40101 SET character_set_client = utf8 */;
CREATE TABLE `spree_calculators` (
  `id` int(11) NOT NULL AUTO_INCREMENT,
  `type` varchar(255) COLLATE utf8_unicode_ci DEFAULT NULL,
  `calculable_id` int(11) DEFAULT NULL,
  `calculable_type` varchar(255) COLLATE utf8_unicode_ci DEFAULT NULL,
  `created_at` datetime DEFAULT NULL,
  `updated_at` datetime DEFAULT NULL,
  `preferences` text COLLATE utf8_unicode_ci,
  PRIMARY KEY (`id`),
  KEY `index_spree_calculators_on_id_and_type` (`id`,`type`),
  KEY `index_spree_calculators_on_calculable_id_and_calculable_type` (`calculable_id`,`calculable_type`)
) ENGINE=InnoDB DEFAULT CHARSET=utf8 COLLATE=utf8_unicode_ci;
/*!40101 SET character_set_client = @saved_cs_client */;

--
-- Dumping data for table `spree_calculators`
--

LOCK TABLES `spree_calculators` WRITE;
/*!40000 ALTER TABLE `spree_calculators` DISABLE KEYS */;
/*!40000 ALTER TABLE `spree_calculators` ENABLE KEYS */;
UNLOCK TABLES;

--
-- Table structure for table `spree_configurations`
--

DROP TABLE IF EXISTS `spree_configurations`;
/*!40101 SET @saved_cs_client     = @@character_set_client */;
/*!40101 SET character_set_client = utf8 */;
CREATE TABLE `spree_configurations` (
  `id` int(11) NOT NULL AUTO_INCREMENT,
  `name` varchar(255) COLLATE utf8_unicode_ci DEFAULT NULL,
  `type` varchar(50) COLLATE utf8_unicode_ci DEFAULT NULL,
  `created_at` datetime DEFAULT NULL,
  `updated_at` datetime DEFAULT NULL,
  PRIMARY KEY (`id`),
  KEY `index_spree_configurations_on_name_and_type` (`name`,`type`)
) ENGINE=InnoDB DEFAULT CHARSET=utf8 COLLATE=utf8_unicode_ci;
/*!40101 SET character_set_client = @saved_cs_client */;

--
-- Dumping data for table `spree_configurations`
--

LOCK TABLES `spree_configurations` WRITE;
/*!40000 ALTER TABLE `spree_configurations` DISABLE KEYS */;
/*!40000 ALTER TABLE `spree_configurations` ENABLE KEYS */;
UNLOCK TABLES;

--
-- Table structure for table `spree_countries`
--

DROP TABLE IF EXISTS `spree_countries`;
/*!40101 SET @saved_cs_client     = @@character_set_client */;
/*!40101 SET character_set_client = utf8 */;
CREATE TABLE `spree_countries` (
  `id` int(11) NOT NULL AUTO_INCREMENT,
  `iso_name` varchar(255) COLLATE utf8_unicode_ci DEFAULT NULL,
  `iso` varchar(255) COLLATE utf8_unicode_ci DEFAULT NULL,
  `iso3` varchar(255) COLLATE utf8_unicode_ci DEFAULT NULL,
  `name` varchar(255) COLLATE utf8_unicode_ci DEFAULT NULL,
  `numcode` int(11) DEFAULT NULL,
  `states_required` tinyint(1) DEFAULT '0',
  `updated_at` datetime DEFAULT NULL,
  PRIMARY KEY (`id`)
) ENGINE=InnoDB DEFAULT CHARSET=utf8 COLLATE=utf8_unicode_ci;
/*!40101 SET character_set_client = @saved_cs_client */;

--
-- Dumping data for table `spree_countries`
--

LOCK TABLES `spree_countries` WRITE;
/*!40000 ALTER TABLE `spree_countries` DISABLE KEYS */;
/*!40000 ALTER TABLE `spree_countries` ENABLE KEYS */;
UNLOCK TABLES;

--
-- Table structure for table `spree_credit_cards`
--

DROP TABLE IF EXISTS `spree_credit_cards`;
/*!40101 SET @saved_cs_client     = @@character_set_client */;
/*!40101 SET character_set_client = utf8 */;
CREATE TABLE `spree_credit_cards` (
  `id` int(11) NOT NULL AUTO_INCREMENT,
  `month` varchar(255) COLLATE utf8_unicode_ci DEFAULT NULL,
  `year` varchar(255) COLLATE utf8_unicode_ci DEFAULT NULL,
  `cc_type` varchar(255) COLLATE utf8_unicode_ci DEFAULT NULL,
  `last_digits` varchar(255) COLLATE utf8_unicode_ci DEFAULT NULL,
  `address_id` int(11) DEFAULT NULL,
  `gateway_customer_profile_id` varchar(255) COLLATE utf8_unicode_ci DEFAULT NULL,
  `gateway_payment_profile_id` varchar(255) COLLATE utf8_unicode_ci DEFAULT NULL,
  `created_at` datetime DEFAULT NULL,
  `updated_at` datetime DEFAULT NULL,
  `name` varchar(255) COLLATE utf8_unicode_ci DEFAULT NULL,
  `user_id` int(11) DEFAULT NULL,
  `payment_method_id` int(11) DEFAULT NULL,
  PRIMARY KEY (`id`),
  KEY `index_spree_credit_cards_on_user_id` (`user_id`),
  KEY `index_spree_credit_cards_on_payment_method_id` (`payment_method_id`),
  KEY `index_spree_credit_cards_on_address_id` (`address_id`)
) ENGINE=InnoDB DEFAULT CHARSET=utf8 COLLATE=utf8_unicode_ci;
/*!40101 SET character_set_client = @saved_cs_client */;

--
-- Dumping data for table `spree_credit_cards`
--

LOCK TABLES `spree_credit_cards` WRITE;
/*!40000 ALTER TABLE `spree_credit_cards` DISABLE KEYS */;
/*!40000 ALTER TABLE `spree_credit_cards` ENABLE KEYS */;
UNLOCK TABLES;

--
-- Table structure for table `spree_gateways`
--

DROP TABLE IF EXISTS `spree_gateways`;
/*!40101 SET @saved_cs_client     = @@character_set_client */;
/*!40101 SET character_set_client = utf8 */;
CREATE TABLE `spree_gateways` (
  `id` int(11) NOT NULL AUTO_INCREMENT,
  `type` varchar(255) COLLATE utf8_unicode_ci DEFAULT NULL,
  `name` varchar(255) COLLATE utf8_unicode_ci DEFAULT NULL,
  `description` text COLLATE utf8_unicode_ci,
  `active` tinyint(1) DEFAULT '1',
  `environment` varchar(255) COLLATE utf8_unicode_ci DEFAULT 'development',
  `server` varchar(255) COLLATE utf8_unicode_ci DEFAULT 'test',
  `test_mode` tinyint(1) DEFAULT '1',
  `created_at` datetime DEFAULT NULL,
  `updated_at` datetime DEFAULT NULL,
  `preferences` text COLLATE utf8_unicode_ci,
  PRIMARY KEY (`id`),
  KEY `index_spree_gateways_on_active` (`active`),
  KEY `index_spree_gateways_on_test_mode` (`test_mode`)
) ENGINE=InnoDB DEFAULT CHARSET=utf8 COLLATE=utf8_unicode_ci;
/*!40101 SET character_set_client = @saved_cs_client */;

--
-- Dumping data for table `spree_gateways`
--

LOCK TABLES `spree_gateways` WRITE;
/*!40000 ALTER TABLE `spree_gateways` DISABLE KEYS */;
/*!40000 ALTER TABLE `spree_gateways` ENABLE KEYS */;
UNLOCK TABLES;

--
-- Table structure for table `spree_inventory_units`
--

DROP TABLE IF EXISTS `spree_inventory_units`;
/*!40101 SET @saved_cs_client     = @@character_set_client */;
/*!40101 SET character_set_client = utf8 */;
CREATE TABLE `spree_inventory_units` (
  `id` int(11) NOT NULL AUTO_INCREMENT,
  `state` varchar(255) COLLATE utf8_unicode_ci DEFAULT NULL,
  `variant_id` int(11) DEFAULT NULL,
  `order_id` int(11) DEFAULT NULL,
  `shipment_id` int(11) DEFAULT NULL,
  `return_authorization_id` int(11) DEFAULT NULL,
  `created_at` datetime DEFAULT NULL,
  `updated_at` datetime DEFAULT NULL,
  `pending` tinyint(1) DEFAULT '1',
  `line_item_id` int(11) DEFAULT NULL,
  PRIMARY KEY (`id`),
  KEY `index_inventory_units_on_order_id` (`order_id`),
  KEY `index_inventory_units_on_shipment_id` (`shipment_id`),
  KEY `index_inventory_units_on_variant_id` (`variant_id`),
  KEY `index_spree_inventory_units_on_line_item_id` (`line_item_id`),
  KEY `index_spree_inventory_units_on_return_authorization_id` (`return_authorization_id`)
) ENGINE=InnoDB DEFAULT CHARSET=utf8 COLLATE=utf8_unicode_ci;
/*!40101 SET character_set_client = @saved_cs_client */;

--
-- Dumping data for table `spree_inventory_units`
--

LOCK TABLES `spree_inventory_units` WRITE;
/*!40000 ALTER TABLE `spree_inventory_units` DISABLE KEYS */;
/*!40000 ALTER TABLE `spree_inventory_units` ENABLE KEYS */;
UNLOCK TABLES;

--
-- Table structure for table `spree_line_items`
--

DROP TABLE IF EXISTS `spree_line_items`;
/*!40101 SET @saved_cs_client     = @@character_set_client */;
/*!40101 SET character_set_client = utf8 */;
CREATE TABLE `spree_line_items` (
  `id` int(11) NOT NULL AUTO_INCREMENT,
  `variant_id` int(11) DEFAULT NULL,
  `order_id` int(11) DEFAULT NULL,
  `quantity` int(11) NOT NULL,
  `price` decimal(10,2) NOT NULL,
  `created_at` datetime DEFAULT NULL,
  `updated_at` datetime DEFAULT NULL,
  `currency` varchar(255) COLLATE utf8_unicode_ci DEFAULT NULL,
  `cost_price` decimal(10,2) DEFAULT NULL,
  `tax_category_id` int(11) DEFAULT NULL,
  `adjustment_total` decimal(10,2) DEFAULT '0.00',
  `additional_tax_total` decimal(10,2) DEFAULT '0.00',
  `promo_total` decimal(10,2) DEFAULT '0.00',
  `included_tax_total` decimal(10,2) NOT NULL DEFAULT '0.00',
  `pre_tax_amount` decimal(8,2) DEFAULT '0.00',
  PRIMARY KEY (`id`),
  KEY `index_spree_line_items_on_order_id` (`order_id`),
  KEY `index_spree_line_items_on_variant_id` (`variant_id`),
  KEY `index_spree_line_items_on_tax_category_id` (`tax_category_id`)
) ENGINE=InnoDB DEFAULT CHARSET=utf8 COLLATE=utf8_unicode_ci;
/*!40101 SET character_set_client = @saved_cs_client */;

--
-- Dumping data for table `spree_line_items`
--

LOCK TABLES `spree_line_items` WRITE;
/*!40000 ALTER TABLE `spree_line_items` DISABLE KEYS */;
/*!40000 ALTER TABLE `spree_line_items` ENABLE KEYS */;
UNLOCK TABLES;

--
-- Table structure for table `spree_log_entries`
--

DROP TABLE IF EXISTS `spree_log_entries`;
/*!40101 SET @saved_cs_client     = @@character_set_client */;
/*!40101 SET character_set_client = utf8 */;
CREATE TABLE `spree_log_entries` (
  `id` int(11) NOT NULL AUTO_INCREMENT,
  `source_id` int(11) DEFAULT NULL,
  `source_type` varchar(255) COLLATE utf8_unicode_ci DEFAULT NULL,
  `details` text COLLATE utf8_unicode_ci,
  `created_at` datetime DEFAULT NULL,
  `updated_at` datetime DEFAULT NULL,
  PRIMARY KEY (`id`),
  KEY `index_spree_log_entries_on_source_id_and_source_type` (`source_id`,`source_type`)
) ENGINE=InnoDB DEFAULT CHARSET=utf8 COLLATE=utf8_unicode_ci;
/*!40101 SET character_set_client = @saved_cs_client */;

--
-- Dumping data for table `spree_log_entries`
--

LOCK TABLES `spree_log_entries` WRITE;
/*!40000 ALTER TABLE `spree_log_entries` DISABLE KEYS */;
/*!40000 ALTER TABLE `spree_log_entries` ENABLE KEYS */;
UNLOCK TABLES;

--
-- Table structure for table `spree_option_type_translations`
--

DROP TABLE IF EXISTS `spree_option_type_translations`;
/*!40101 SET @saved_cs_client     = @@character_set_client */;
/*!40101 SET character_set_client = utf8 */;
CREATE TABLE `spree_option_type_translations` (
  `id` int(11) NOT NULL AUTO_INCREMENT,
  `spree_option_type_id` int(11) DEFAULT NULL,
  `locale` varchar(255) COLLATE utf8_unicode_ci DEFAULT NULL,
  `created_at` datetime DEFAULT NULL,
  `updated_at` datetime DEFAULT NULL,
  `name` varchar(255) COLLATE utf8_unicode_ci DEFAULT NULL,
  `presentation` varchar(255) COLLATE utf8_unicode_ci DEFAULT NULL,
  PRIMARY KEY (`id`),
  KEY `index_spree_option_type_translations_on_spree_option_type_id` (`spree_option_type_id`),
  KEY `index_spree_option_type_translations_on_locale` (`locale`)
) ENGINE=InnoDB DEFAULT CHARSET=utf8 COLLATE=utf8_unicode_ci;
/*!40101 SET character_set_client = @saved_cs_client */;

--
-- Dumping data for table `spree_option_type_translations`
--

LOCK TABLES `spree_option_type_translations` WRITE;
/*!40000 ALTER TABLE `spree_option_type_translations` DISABLE KEYS */;
/*!40000 ALTER TABLE `spree_option_type_translations` ENABLE KEYS */;
UNLOCK TABLES;

--
-- Table structure for table `spree_option_types`
--

DROP TABLE IF EXISTS `spree_option_types`;
/*!40101 SET @saved_cs_client     = @@character_set_client */;
/*!40101 SET character_set_client = utf8 */;
CREATE TABLE `spree_option_types` (
  `id` int(11) NOT NULL AUTO_INCREMENT,
  `name` varchar(100) COLLATE utf8_unicode_ci DEFAULT NULL,
  `presentation` varchar(100) COLLATE utf8_unicode_ci DEFAULT NULL,
  `position` int(11) NOT NULL DEFAULT '0',
  `created_at` datetime DEFAULT NULL,
  `updated_at` datetime DEFAULT NULL,
  PRIMARY KEY (`id`),
  KEY `index_spree_option_types_on_position` (`position`)
) ENGINE=InnoDB DEFAULT CHARSET=utf8 COLLATE=utf8_unicode_ci;
/*!40101 SET character_set_client = @saved_cs_client */;

--
-- Dumping data for table `spree_option_types`
--

LOCK TABLES `spree_option_types` WRITE;
/*!40000 ALTER TABLE `spree_option_types` DISABLE KEYS */;
/*!40000 ALTER TABLE `spree_option_types` ENABLE KEYS */;
UNLOCK TABLES;

--
-- Table structure for table `spree_option_types_prototypes`
--

DROP TABLE IF EXISTS `spree_option_types_prototypes`;
/*!40101 SET @saved_cs_client     = @@character_set_client */;
/*!40101 SET character_set_client = utf8 */;
CREATE TABLE `spree_option_types_prototypes` (
  `prototype_id` int(11) DEFAULT NULL,
  `option_type_id` int(11) DEFAULT NULL
) ENGINE=InnoDB DEFAULT CHARSET=utf8 COLLATE=utf8_unicode_ci;
/*!40101 SET character_set_client = @saved_cs_client */;

--
-- Dumping data for table `spree_option_types_prototypes`
--

LOCK TABLES `spree_option_types_prototypes` WRITE;
/*!40000 ALTER TABLE `spree_option_types_prototypes` DISABLE KEYS */;
/*!40000 ALTER TABLE `spree_option_types_prototypes` ENABLE KEYS */;
UNLOCK TABLES;

--
-- Table structure for table `spree_option_value_translations`
--

DROP TABLE IF EXISTS `spree_option_value_translations`;
/*!40101 SET @saved_cs_client     = @@character_set_client */;
/*!40101 SET character_set_client = utf8 */;
CREATE TABLE `spree_option_value_translations` (
  `id` int(11) NOT NULL AUTO_INCREMENT,
  `spree_option_value_id` int(11) DEFAULT NULL,
  `locale` varchar(255) COLLATE utf8_unicode_ci DEFAULT NULL,
  `created_at` datetime DEFAULT NULL,
  `updated_at` datetime DEFAULT NULL,
  `name` varchar(255) COLLATE utf8_unicode_ci DEFAULT NULL,
  `presentation` varchar(255) COLLATE utf8_unicode_ci DEFAULT NULL,
  PRIMARY KEY (`id`),
  KEY `index_spree_option_value_translations_on_spree_option_value_id` (`spree_option_value_id`),
  KEY `index_spree_option_value_translations_on_locale` (`locale`)
) ENGINE=InnoDB DEFAULT CHARSET=utf8 COLLATE=utf8_unicode_ci;
/*!40101 SET character_set_client = @saved_cs_client */;

--
-- Dumping data for table `spree_option_value_translations`
--

LOCK TABLES `spree_option_value_translations` WRITE;
/*!40000 ALTER TABLE `spree_option_value_translations` DISABLE KEYS */;
/*!40000 ALTER TABLE `spree_option_value_translations` ENABLE KEYS */;
UNLOCK TABLES;

--
-- Table structure for table `spree_option_values`
--

DROP TABLE IF EXISTS `spree_option_values`;
/*!40101 SET @saved_cs_client     = @@character_set_client */;
/*!40101 SET character_set_client = utf8 */;
CREATE TABLE `spree_option_values` (
  `id` int(11) NOT NULL AUTO_INCREMENT,
  `position` int(11) DEFAULT NULL,
  `name` varchar(255) COLLATE utf8_unicode_ci DEFAULT NULL,
  `presentation` varchar(255) COLLATE utf8_unicode_ci DEFAULT NULL,
  `option_type_id` int(11) DEFAULT NULL,
  `created_at` datetime DEFAULT NULL,
  `updated_at` datetime DEFAULT NULL,
  PRIMARY KEY (`id`),
  KEY `index_spree_option_values_on_option_type_id` (`option_type_id`),
  KEY `index_spree_option_values_on_position` (`position`)
) ENGINE=InnoDB DEFAULT CHARSET=utf8 COLLATE=utf8_unicode_ci;
/*!40101 SET character_set_client = @saved_cs_client */;

--
-- Dumping data for table `spree_option_values`
--

LOCK TABLES `spree_option_values` WRITE;
/*!40000 ALTER TABLE `spree_option_values` DISABLE KEYS */;
/*!40000 ALTER TABLE `spree_option_values` ENABLE KEYS */;
UNLOCK TABLES;

--
-- Table structure for table `spree_option_values_variants`
--

DROP TABLE IF EXISTS `spree_option_values_variants`;
/*!40101 SET @saved_cs_client     = @@character_set_client */;
/*!40101 SET character_set_client = utf8 */;
CREATE TABLE `spree_option_values_variants` (
  `variant_id` int(11) DEFAULT NULL,
  `option_value_id` int(11) DEFAULT NULL,
  KEY `index_option_values_variants_on_variant_id_and_option_value_id` (`variant_id`,`option_value_id`),
  KEY `index_spree_option_values_variants_on_variant_id` (`variant_id`)
) ENGINE=InnoDB DEFAULT CHARSET=utf8 COLLATE=utf8_unicode_ci;
/*!40101 SET character_set_client = @saved_cs_client */;

--
-- Dumping data for table `spree_option_values_variants`
--

LOCK TABLES `spree_option_values_variants` WRITE;
/*!40000 ALTER TABLE `spree_option_values_variants` DISABLE KEYS */;
/*!40000 ALTER TABLE `spree_option_values_variants` ENABLE KEYS */;
UNLOCK TABLES;

--
-- Table structure for table `spree_orders`
--

DROP TABLE IF EXISTS `spree_orders`;
/*!40101 SET @saved_cs_client     = @@character_set_client */;
/*!40101 SET character_set_client = utf8 */;
CREATE TABLE `spree_orders` (
  `id` int(11) NOT NULL AUTO_INCREMENT,
  `number` varchar(32) COLLATE utf8_unicode_ci DEFAULT NULL,
  `item_total` decimal(10,2) NOT NULL DEFAULT '0.00',
  `total` decimal(10,2) NOT NULL DEFAULT '0.00',
  `state` varchar(255) COLLATE utf8_unicode_ci DEFAULT NULL,
  `adjustment_total` decimal(10,2) NOT NULL DEFAULT '0.00',
  `user_id` int(11) DEFAULT NULL,
  `completed_at` datetime DEFAULT NULL,
  `bill_address_id` int(11) DEFAULT NULL,
  `ship_address_id` int(11) DEFAULT NULL,
  `payment_total` decimal(10,2) DEFAULT '0.00',
  `shipping_method_id` int(11) DEFAULT NULL,
  `shipment_state` varchar(255) COLLATE utf8_unicode_ci DEFAULT NULL,
  `payment_state` varchar(255) COLLATE utf8_unicode_ci DEFAULT NULL,
  `email` varchar(255) COLLATE utf8_unicode_ci DEFAULT NULL,
  `special_instructions` text COLLATE utf8_unicode_ci,
  `created_at` datetime DEFAULT NULL,
  `updated_at` datetime DEFAULT NULL,
  `currency` varchar(255) COLLATE utf8_unicode_ci DEFAULT NULL,
  `last_ip_address` varchar(255) COLLATE utf8_unicode_ci DEFAULT NULL,
  `created_by_id` int(11) DEFAULT NULL,
  `shipment_total` decimal(10,2) NOT NULL DEFAULT '0.00',
  `additional_tax_total` decimal(10,2) DEFAULT '0.00',
  `promo_total` decimal(10,2) DEFAULT '0.00',
  `channel` varchar(255) COLLATE utf8_unicode_ci DEFAULT 'spree',
  `included_tax_total` decimal(10,2) NOT NULL DEFAULT '0.00',
  `item_count` int(11) DEFAULT '0',
  `approver_id` int(11) DEFAULT NULL,
  `approved_at` datetime DEFAULT NULL,
  `confirmation_delivered` tinyint(1) DEFAULT '0',
  `considered_risky` tinyint(1) DEFAULT '0',
  `guest_token` varchar(255) COLLATE utf8_unicode_ci DEFAULT NULL,
  `state_lock_version` int(11) NOT NULL DEFAULT '0',
  PRIMARY KEY (`id`),
  KEY `index_spree_orders_on_number` (`number`),
  KEY `index_spree_orders_on_user_id` (`user_id`),
  KEY `index_spree_orders_on_completed_at` (`completed_at`),
  KEY `index_spree_orders_on_approver_id` (`approver_id`),
  KEY `index_spree_orders_on_bill_address_id` (`bill_address_id`),
  KEY `index_spree_orders_on_confirmation_delivered` (`confirmation_delivered`),
  KEY `index_spree_orders_on_considered_risky` (`considered_risky`),
  KEY `index_spree_orders_on_created_by_id` (`created_by_id`),
  KEY `index_spree_orders_on_ship_address_id` (`ship_address_id`),
  KEY `index_spree_orders_on_shipping_method_id` (`shipping_method_id`),
  KEY `index_spree_orders_on_user_id_and_created_by_id` (`user_id`,`created_by_id`),
  KEY `index_spree_orders_on_guest_token` (`guest_token`)
) ENGINE=InnoDB DEFAULT CHARSET=utf8 COLLATE=utf8_unicode_ci;
/*!40101 SET character_set_client = @saved_cs_client */;

--
-- Dumping data for table `spree_orders`
--

LOCK TABLES `spree_orders` WRITE;
/*!40000 ALTER TABLE `spree_orders` DISABLE KEYS */;
/*!40000 ALTER TABLE `spree_orders` ENABLE KEYS */;
UNLOCK TABLES;

--
-- Table structure for table `spree_orders_promotions`
--

DROP TABLE IF EXISTS `spree_orders_promotions`;
/*!40101 SET @saved_cs_client     = @@character_set_client */;
/*!40101 SET character_set_client = utf8 */;
CREATE TABLE `spree_orders_promotions` (
  `order_id` int(11) DEFAULT NULL,
  `promotion_id` int(11) DEFAULT NULL,
  KEY `index_spree_orders_promotions_on_order_id_and_promotion_id` (`order_id`,`promotion_id`)
) ENGINE=InnoDB DEFAULT CHARSET=utf8 COLLATE=utf8_unicode_ci;
/*!40101 SET character_set_client = @saved_cs_client */;

--
-- Dumping data for table `spree_orders_promotions`
--

LOCK TABLES `spree_orders_promotions` WRITE;
/*!40000 ALTER TABLE `spree_orders_promotions` DISABLE KEYS */;
/*!40000 ALTER TABLE `spree_orders_promotions` ENABLE KEYS */;
UNLOCK TABLES;

--
-- Table structure for table `spree_payment_capture_events`
--

DROP TABLE IF EXISTS `spree_payment_capture_events`;
/*!40101 SET @saved_cs_client     = @@character_set_client */;
/*!40101 SET character_set_client = utf8 */;
CREATE TABLE `spree_payment_capture_events` (
  `id` int(11) NOT NULL AUTO_INCREMENT,
  `amount` decimal(10,2) DEFAULT '0.00',
  `payment_id` int(11) DEFAULT NULL,
  `created_at` datetime DEFAULT NULL,
  `updated_at` datetime DEFAULT NULL,
  PRIMARY KEY (`id`),
  KEY `index_spree_payment_capture_events_on_payment_id` (`payment_id`)
) ENGINE=InnoDB DEFAULT CHARSET=utf8 COLLATE=utf8_unicode_ci;
/*!40101 SET character_set_client = @saved_cs_client */;

--
-- Dumping data for table `spree_payment_capture_events`
--

LOCK TABLES `spree_payment_capture_events` WRITE;
/*!40000 ALTER TABLE `spree_payment_capture_events` DISABLE KEYS */;
/*!40000 ALTER TABLE `spree_payment_capture_events` ENABLE KEYS */;
UNLOCK TABLES;

--
-- Table structure for table `spree_payment_methods`
--

DROP TABLE IF EXISTS `spree_payment_methods`;
/*!40101 SET @saved_cs_client     = @@character_set_client */;
/*!40101 SET character_set_client = utf8 */;
CREATE TABLE `spree_payment_methods` (
  `id` int(11) NOT NULL AUTO_INCREMENT,
  `type` varchar(255) COLLATE utf8_unicode_ci DEFAULT NULL,
  `name` varchar(255) COLLATE utf8_unicode_ci DEFAULT NULL,
  `description` text COLLATE utf8_unicode_ci,
  `active` tinyint(1) DEFAULT '1',
  `environment` varchar(255) COLLATE utf8_unicode_ci DEFAULT 'development',
  `deleted_at` datetime DEFAULT NULL,
  `created_at` datetime DEFAULT NULL,
  `updated_at` datetime DEFAULT NULL,
  `display_on` varchar(255) COLLATE utf8_unicode_ci DEFAULT NULL,
  `auto_capture` tinyint(1) DEFAULT NULL,
  `preferences` text COLLATE utf8_unicode_ci,
  PRIMARY KEY (`id`),
  KEY `index_spree_payment_methods_on_id_and_type` (`id`,`type`)
) ENGINE=InnoDB DEFAULT CHARSET=utf8 COLLATE=utf8_unicode_ci;
/*!40101 SET character_set_client = @saved_cs_client */;

--
-- Dumping data for table `spree_payment_methods`
--

LOCK TABLES `spree_payment_methods` WRITE;
/*!40000 ALTER TABLE `spree_payment_methods` DISABLE KEYS */;
/*!40000 ALTER TABLE `spree_payment_methods` ENABLE KEYS */;
UNLOCK TABLES;

--
-- Table structure for table `spree_payments`
--

DROP TABLE IF EXISTS `spree_payments`;
/*!40101 SET @saved_cs_client     = @@character_set_client */;
/*!40101 SET character_set_client = utf8 */;
CREATE TABLE `spree_payments` (
  `id` int(11) NOT NULL AUTO_INCREMENT,
  `amount` decimal(10,2) NOT NULL DEFAULT '0.00',
  `order_id` int(11) DEFAULT NULL,
  `source_id` int(11) DEFAULT NULL,
  `source_type` varchar(255) COLLATE utf8_unicode_ci DEFAULT NULL,
  `payment_method_id` int(11) DEFAULT NULL,
  `state` varchar(255) COLLATE utf8_unicode_ci DEFAULT NULL,
  `response_code` varchar(255) COLLATE utf8_unicode_ci DEFAULT NULL,
  `avs_response` varchar(255) COLLATE utf8_unicode_ci DEFAULT NULL,
  `created_at` datetime DEFAULT NULL,
  `updated_at` datetime DEFAULT NULL,
  `identifier` varchar(255) COLLATE utf8_unicode_ci DEFAULT NULL,
  `cvv_response_code` varchar(255) COLLATE utf8_unicode_ci DEFAULT NULL,
  `cvv_response_message` varchar(255) COLLATE utf8_unicode_ci DEFAULT NULL,
  PRIMARY KEY (`id`),
  KEY `index_spree_payments_on_order_id` (`order_id`),
  KEY `index_spree_payments_on_payment_method_id` (`payment_method_id`),
  KEY `index_spree_payments_on_source_id_and_source_type` (`source_id`,`source_type`)
) ENGINE=InnoDB DEFAULT CHARSET=utf8 COLLATE=utf8_unicode_ci;
/*!40101 SET character_set_client = @saved_cs_client */;

--
-- Dumping data for table `spree_payments`
--

LOCK TABLES `spree_payments` WRITE;
/*!40000 ALTER TABLE `spree_payments` DISABLE KEYS */;
/*!40000 ALTER TABLE `spree_payments` ENABLE KEYS */;
UNLOCK TABLES;

--
-- Table structure for table `spree_preferences`
--

DROP TABLE IF EXISTS `spree_preferences`;
/*!40101 SET @saved_cs_client     = @@character_set_client */;
/*!40101 SET character_set_client = utf8 */;
CREATE TABLE `spree_preferences` (
  `id` int(11) NOT NULL AUTO_INCREMENT,
  `value` text COLLATE utf8_unicode_ci,
  `key` varchar(255) COLLATE utf8_unicode_ci DEFAULT NULL,
  `created_at` datetime DEFAULT NULL,
  `updated_at` datetime DEFAULT NULL,
  PRIMARY KEY (`id`),
  UNIQUE KEY `index_spree_preferences_on_key` (`key`)
) ENGINE=InnoDB DEFAULT CHARSET=utf8 COLLATE=utf8_unicode_ci;
/*!40101 SET character_set_client = @saved_cs_client */;

--
-- Dumping data for table `spree_preferences`
--

LOCK TABLES `spree_preferences` WRITE;
/*!40000 ALTER TABLE `spree_preferences` DISABLE KEYS */;
/*!40000 ALTER TABLE `spree_preferences` ENABLE KEYS */;
UNLOCK TABLES;

--
-- Table structure for table `spree_prices`
--

DROP TABLE IF EXISTS `spree_prices`;
/*!40101 SET @saved_cs_client     = @@character_set_client */;
/*!40101 SET character_set_client = utf8 */;
CREATE TABLE `spree_prices` (
  `id` int(11) NOT NULL AUTO_INCREMENT,
  `variant_id` int(11) NOT NULL,
  `amount` decimal(10,2) DEFAULT NULL,
  `currency` varchar(255) COLLATE utf8_unicode_ci DEFAULT NULL,
  `deleted_at` datetime DEFAULT NULL,
  PRIMARY KEY (`id`),
  KEY `index_spree_prices_on_variant_id_and_currency` (`variant_id`,`currency`),
  KEY `index_spree_prices_on_deleted_at` (`deleted_at`)
) ENGINE=InnoDB DEFAULT CHARSET=utf8 COLLATE=utf8_unicode_ci;
/*!40101 SET character_set_client = @saved_cs_client */;

--
-- Dumping data for table `spree_prices`
--

LOCK TABLES `spree_prices` WRITE;
/*!40000 ALTER TABLE `spree_prices` DISABLE KEYS */;
/*!40000 ALTER TABLE `spree_prices` ENABLE KEYS */;
UNLOCK TABLES;

--
-- Table structure for table `spree_product_option_types`
--

DROP TABLE IF EXISTS `spree_product_option_types`;
/*!40101 SET @saved_cs_client     = @@character_set_client */;
/*!40101 SET character_set_client = utf8 */;
CREATE TABLE `spree_product_option_types` (
  `id` int(11) NOT NULL AUTO_INCREMENT,
  `position` int(11) DEFAULT NULL,
  `product_id` int(11) DEFAULT NULL,
  `option_type_id` int(11) DEFAULT NULL,
  `created_at` datetime DEFAULT NULL,
  `updated_at` datetime DEFAULT NULL,
  PRIMARY KEY (`id`),
  KEY `index_spree_product_option_types_on_option_type_id` (`option_type_id`),
  KEY `index_spree_product_option_types_on_product_id` (`product_id`),
  KEY `index_spree_product_option_types_on_position` (`position`)
) ENGINE=InnoDB DEFAULT CHARSET=utf8 COLLATE=utf8_unicode_ci;
/*!40101 SET character_set_client = @saved_cs_client */;

--
-- Dumping data for table `spree_product_option_types`
--

LOCK TABLES `spree_product_option_types` WRITE;
/*!40000 ALTER TABLE `spree_product_option_types` DISABLE KEYS */;
/*!40000 ALTER TABLE `spree_product_option_types` ENABLE KEYS */;
UNLOCK TABLES;

--
-- Table structure for table `spree_product_properties`
--

DROP TABLE IF EXISTS `spree_product_properties`;
/*!40101 SET @saved_cs_client     = @@character_set_client */;
/*!40101 SET character_set_client = utf8 */;
CREATE TABLE `spree_product_properties` (
  `id` int(11) NOT NULL AUTO_INCREMENT,
  `value` varchar(255) COLLATE utf8_unicode_ci DEFAULT NULL,
  `product_id` int(11) DEFAULT NULL,
  `property_id` int(11) DEFAULT NULL,
  `created_at` datetime DEFAULT NULL,
  `updated_at` datetime DEFAULT NULL,
  `position` int(11) DEFAULT '0',
  PRIMARY KEY (`id`),
  KEY `index_product_properties_on_product_id` (`product_id`),
  KEY `index_spree_product_properties_on_position` (`position`),
  KEY `index_spree_product_properties_on_property_id` (`property_id`)
) ENGINE=InnoDB DEFAULT CHARSET=utf8 COLLATE=utf8_unicode_ci;
/*!40101 SET character_set_client = @saved_cs_client */;

--
-- Dumping data for table `spree_product_properties`
--

LOCK TABLES `spree_product_properties` WRITE;
/*!40000 ALTER TABLE `spree_product_properties` DISABLE KEYS */;
/*!40000 ALTER TABLE `spree_product_properties` ENABLE KEYS */;
UNLOCK TABLES;

--
-- Table structure for table `spree_product_translations`
--

DROP TABLE IF EXISTS `spree_product_translations`;
/*!40101 SET @saved_cs_client     = @@character_set_client */;
/*!40101 SET character_set_client = utf8 */;
CREATE TABLE `spree_product_translations` (
  `id` int(11) NOT NULL AUTO_INCREMENT,
  `spree_product_id` int(11) DEFAULT NULL,
  `locale` varchar(255) COLLATE utf8_unicode_ci DEFAULT NULL,
  `created_at` datetime DEFAULT NULL,
  `updated_at` datetime DEFAULT NULL,
  `name` varchar(255) COLLATE utf8_unicode_ci DEFAULT NULL,
  `description` text COLLATE utf8_unicode_ci,
  `meta_description` varchar(255) COLLATE utf8_unicode_ci DEFAULT NULL,
  `meta_keywords` varchar(255) COLLATE utf8_unicode_ci DEFAULT NULL,
  `slug` varchar(255) COLLATE utf8_unicode_ci DEFAULT NULL,
  PRIMARY KEY (`id`),
  KEY `index_spree_product_translations_on_spree_product_id` (`spree_product_id`),
  KEY `index_spree_product_translations_on_locale` (`locale`)
) ENGINE=InnoDB DEFAULT CHARSET=utf8 COLLATE=utf8_unicode_ci;
/*!40101 SET character_set_client = @saved_cs_client */;

--
-- Dumping data for table `spree_product_translations`
--

LOCK TABLES `spree_product_translations` WRITE;
/*!40000 ALTER TABLE `spree_product_translations` DISABLE KEYS */;
/*!40000 ALTER TABLE `spree_product_translations` ENABLE KEYS */;
UNLOCK TABLES;

--
-- Table structure for table `spree_products`
--

DROP TABLE IF EXISTS `spree_products`;
/*!40101 SET @saved_cs_client     = @@character_set_client */;
/*!40101 SET character_set_client = utf8 */;
CREATE TABLE `spree_products` (
  `id` int(11) NOT NULL AUTO_INCREMENT,
  `name` varchar(255) COLLATE utf8_unicode_ci NOT NULL DEFAULT '',
  `description` text COLLATE utf8_unicode_ci,
  `available_on` datetime DEFAULT NULL,
  `deleted_at` datetime DEFAULT NULL,
  `slug` varchar(255) COLLATE utf8_unicode_ci DEFAULT NULL,
  `meta_description` text COLLATE utf8_unicode_ci,
  `meta_keywords` varchar(255) COLLATE utf8_unicode_ci DEFAULT NULL,
  `tax_category_id` int(11) DEFAULT NULL,
  `shipping_category_id` int(11) DEFAULT NULL,
  `created_at` datetime DEFAULT NULL,
  `updated_at` datetime DEFAULT NULL,
  PRIMARY KEY (`id`),
  UNIQUE KEY `permalink_idx_unique` (`slug`),
  KEY `index_spree_products_on_available_on` (`available_on`),
  KEY `index_spree_products_on_deleted_at` (`deleted_at`),
  KEY `index_spree_products_on_name` (`name`),
  KEY `index_spree_products_on_slug` (`slug`),
  KEY `index_spree_products_on_shipping_category_id` (`shipping_category_id`),
  KEY `index_spree_products_on_tax_category_id` (`tax_category_id`)
) ENGINE=InnoDB DEFAULT CHARSET=utf8 COLLATE=utf8_unicode_ci;
/*!40101 SET character_set_client = @saved_cs_client */;

--
-- Dumping data for table `spree_products`
--

LOCK TABLES `spree_products` WRITE;
/*!40000 ALTER TABLE `spree_products` DISABLE KEYS */;
/*!40000 ALTER TABLE `spree_products` ENABLE KEYS */;
UNLOCK TABLES;

--
-- Table structure for table `spree_products_promotion_rules`
--

DROP TABLE IF EXISTS `spree_products_promotion_rules`;
/*!40101 SET @saved_cs_client     = @@character_set_client */;
/*!40101 SET character_set_client = utf8 */;
CREATE TABLE `spree_products_promotion_rules` (
  `product_id` int(11) DEFAULT NULL,
  `promotion_rule_id` int(11) DEFAULT NULL,
  KEY `index_products_promotion_rules_on_product_id` (`product_id`),
  KEY `index_products_promotion_rules_on_promotion_rule_id` (`promotion_rule_id`)
) ENGINE=InnoDB DEFAULT CHARSET=utf8 COLLATE=utf8_unicode_ci;
/*!40101 SET character_set_client = @saved_cs_client */;

--
-- Dumping data for table `spree_products_promotion_rules`
--

LOCK TABLES `spree_products_promotion_rules` WRITE;
/*!40000 ALTER TABLE `spree_products_promotion_rules` DISABLE KEYS */;
/*!40000 ALTER TABLE `spree_products_promotion_rules` ENABLE KEYS */;
UNLOCK TABLES;

--
-- Table structure for table `spree_products_taxons`
--

DROP TABLE IF EXISTS `spree_products_taxons`;
/*!40101 SET @saved_cs_client     = @@character_set_client */;
/*!40101 SET character_set_client = utf8 */;
CREATE TABLE `spree_products_taxons` (
  `product_id` int(11) DEFAULT NULL,
  `taxon_id` int(11) DEFAULT NULL,
  `id` int(11) NOT NULL AUTO_INCREMENT,
  `position` int(11) DEFAULT NULL,
  PRIMARY KEY (`id`),
  KEY `index_spree_products_taxons_on_product_id` (`product_id`),
  KEY `index_spree_products_taxons_on_taxon_id` (`taxon_id`),
  KEY `index_spree_products_taxons_on_position` (`position`)
) ENGINE=InnoDB DEFAULT CHARSET=utf8 COLLATE=utf8_unicode_ci;
/*!40101 SET character_set_client = @saved_cs_client */;

--
-- Dumping data for table `spree_products_taxons`
--

LOCK TABLES `spree_products_taxons` WRITE;
/*!40000 ALTER TABLE `spree_products_taxons` DISABLE KEYS */;
/*!40000 ALTER TABLE `spree_products_taxons` ENABLE KEYS */;
UNLOCK TABLES;

--
-- Table structure for table `spree_promotion_action_line_items`
--

DROP TABLE IF EXISTS `spree_promotion_action_line_items`;
/*!40101 SET @saved_cs_client     = @@character_set_client */;
/*!40101 SET character_set_client = utf8 */;
CREATE TABLE `spree_promotion_action_line_items` (
  `id` int(11) NOT NULL AUTO_INCREMENT,
  `promotion_action_id` int(11) DEFAULT NULL,
  `variant_id` int(11) DEFAULT NULL,
  `quantity` int(11) DEFAULT '1',
  PRIMARY KEY (`id`),
  KEY `index_spree_promotion_action_line_items_on_promotion_action_id` (`promotion_action_id`),
  KEY `index_spree_promotion_action_line_items_on_variant_id` (`variant_id`)
) ENGINE=InnoDB DEFAULT CHARSET=utf8 COLLATE=utf8_unicode_ci;
/*!40101 SET character_set_client = @saved_cs_client */;

--
-- Dumping data for table `spree_promotion_action_line_items`
--

LOCK TABLES `spree_promotion_action_line_items` WRITE;
/*!40000 ALTER TABLE `spree_promotion_action_line_items` DISABLE KEYS */;
/*!40000 ALTER TABLE `spree_promotion_action_line_items` ENABLE KEYS */;
UNLOCK TABLES;

--
-- Table structure for table `spree_promotion_actions`
--

DROP TABLE IF EXISTS `spree_promotion_actions`;
/*!40101 SET @saved_cs_client     = @@character_set_client */;
/*!40101 SET character_set_client = utf8 */;
CREATE TABLE `spree_promotion_actions` (
  `id` int(11) NOT NULL AUTO_INCREMENT,
  `promotion_id` int(11) DEFAULT NULL,
  `position` int(11) DEFAULT NULL,
  `type` varchar(255) COLLATE utf8_unicode_ci DEFAULT NULL,
  `deleted_at` datetime DEFAULT NULL,
  PRIMARY KEY (`id`),
  KEY `index_spree_promotion_actions_on_id_and_type` (`id`,`type`),
  KEY `index_spree_promotion_actions_on_promotion_id` (`promotion_id`),
  KEY `index_spree_promotion_actions_on_deleted_at` (`deleted_at`)
) ENGINE=InnoDB DEFAULT CHARSET=utf8 COLLATE=utf8_unicode_ci;
/*!40101 SET character_set_client = @saved_cs_client */;

--
-- Dumping data for table `spree_promotion_actions`
--

LOCK TABLES `spree_promotion_actions` WRITE;
/*!40000 ALTER TABLE `spree_promotion_actions` DISABLE KEYS */;
/*!40000 ALTER TABLE `spree_promotion_actions` ENABLE KEYS */;
UNLOCK TABLES;

--
-- Table structure for table `spree_promotion_rules`
--

DROP TABLE IF EXISTS `spree_promotion_rules`;
/*!40101 SET @saved_cs_client     = @@character_set_client */;
/*!40101 SET character_set_client = utf8 */;
CREATE TABLE `spree_promotion_rules` (
  `id` int(11) NOT NULL AUTO_INCREMENT,
  `promotion_id` int(11) DEFAULT NULL,
  `user_id` int(11) DEFAULT NULL,
  `product_group_id` int(11) DEFAULT NULL,
  `type` varchar(255) COLLATE utf8_unicode_ci DEFAULT NULL,
  `created_at` datetime DEFAULT NULL,
  `updated_at` datetime DEFAULT NULL,
  `code` varchar(255) COLLATE utf8_unicode_ci DEFAULT NULL,
  `preferences` text COLLATE utf8_unicode_ci,
  PRIMARY KEY (`id`),
  KEY `index_promotion_rules_on_product_group_id` (`product_group_id`),
  KEY `index_promotion_rules_on_user_id` (`user_id`),
  KEY `index_spree_promotion_rules_on_promotion_id` (`promotion_id`)
) ENGINE=InnoDB DEFAULT CHARSET=utf8 COLLATE=utf8_unicode_ci;
/*!40101 SET character_set_client = @saved_cs_client */;

--
-- Dumping data for table `spree_promotion_rules`
--

LOCK TABLES `spree_promotion_rules` WRITE;
/*!40000 ALTER TABLE `spree_promotion_rules` DISABLE KEYS */;
/*!40000 ALTER TABLE `spree_promotion_rules` ENABLE KEYS */;
UNLOCK TABLES;

--
-- Table structure for table `spree_promotion_rules_users`
--

DROP TABLE IF EXISTS `spree_promotion_rules_users`;
/*!40101 SET @saved_cs_client     = @@character_set_client */;
/*!40101 SET character_set_client = utf8 */;
CREATE TABLE `spree_promotion_rules_users` (
  `user_id` int(11) DEFAULT NULL,
  `promotion_rule_id` int(11) DEFAULT NULL,
  KEY `index_promotion_rules_users_on_promotion_rule_id` (`promotion_rule_id`),
  KEY `index_promotion_rules_users_on_user_id` (`user_id`)
) ENGINE=InnoDB DEFAULT CHARSET=utf8 COLLATE=utf8_unicode_ci;
/*!40101 SET character_set_client = @saved_cs_client */;

--
-- Dumping data for table `spree_promotion_rules_users`
--

LOCK TABLES `spree_promotion_rules_users` WRITE;
/*!40000 ALTER TABLE `spree_promotion_rules_users` DISABLE KEYS */;
/*!40000 ALTER TABLE `spree_promotion_rules_users` ENABLE KEYS */;
UNLOCK TABLES;

--
-- Table structure for table `spree_promotion_translations`
--

DROP TABLE IF EXISTS `spree_promotion_translations`;
/*!40101 SET @saved_cs_client     = @@character_set_client */;
/*!40101 SET character_set_client = utf8 */;
CREATE TABLE `spree_promotion_translations` (
  `id` int(11) NOT NULL AUTO_INCREMENT,
  `spree_promotion_id` int(11) DEFAULT NULL,
  `locale` varchar(255) COLLATE utf8_unicode_ci DEFAULT NULL,
  `created_at` datetime DEFAULT NULL,
  `updated_at` datetime DEFAULT NULL,
  `name` varchar(255) COLLATE utf8_unicode_ci DEFAULT NULL,
  `description` varchar(255) COLLATE utf8_unicode_ci DEFAULT NULL,
  PRIMARY KEY (`id`),
  KEY `index_spree_promotion_translations_on_spree_promotion_id` (`spree_promotion_id`),
  KEY `index_spree_promotion_translations_on_locale` (`locale`)
) ENGINE=InnoDB DEFAULT CHARSET=utf8 COLLATE=utf8_unicode_ci;
/*!40101 SET character_set_client = @saved_cs_client */;

--
-- Dumping data for table `spree_promotion_translations`
--

LOCK TABLES `spree_promotion_translations` WRITE;
/*!40000 ALTER TABLE `spree_promotion_translations` DISABLE KEYS */;
/*!40000 ALTER TABLE `spree_promotion_translations` ENABLE KEYS */;
UNLOCK TABLES;

--
-- Table structure for table `spree_promotions`
--

DROP TABLE IF EXISTS `spree_promotions`;
/*!40101 SET @saved_cs_client     = @@character_set_client */;
/*!40101 SET character_set_client = utf8 */;
CREATE TABLE `spree_promotions` (
  `id` int(11) NOT NULL AUTO_INCREMENT,
  `description` varchar(255) COLLATE utf8_unicode_ci DEFAULT NULL,
  `expires_at` datetime DEFAULT NULL,
  `starts_at` datetime DEFAULT NULL,
  `name` varchar(255) COLLATE utf8_unicode_ci DEFAULT NULL,
  `type` varchar(255) COLLATE utf8_unicode_ci DEFAULT NULL,
  `usage_limit` int(11) DEFAULT NULL,
  `match_policy` varchar(255) COLLATE utf8_unicode_ci DEFAULT 'all',
  `code` varchar(255) COLLATE utf8_unicode_ci DEFAULT NULL,
  `advertise` tinyint(1) DEFAULT '0',
  `path` varchar(255) COLLATE utf8_unicode_ci DEFAULT NULL,
  `created_at` datetime DEFAULT NULL,
  `updated_at` datetime DEFAULT NULL,
  PRIMARY KEY (`id`),
  KEY `index_spree_promotions_on_id_and_type` (`id`,`type`),
  KEY `index_spree_promotions_on_code` (`code`),
  KEY `index_spree_promotions_on_expires_at` (`expires_at`),
  KEY `index_spree_promotions_on_starts_at` (`starts_at`),
  KEY `index_spree_promotions_on_advertise` (`advertise`)
) ENGINE=InnoDB DEFAULT CHARSET=utf8 COLLATE=utf8_unicode_ci;
/*!40101 SET character_set_client = @saved_cs_client */;

--
-- Dumping data for table `spree_promotions`
--

LOCK TABLES `spree_promotions` WRITE;
/*!40000 ALTER TABLE `spree_promotions` DISABLE KEYS */;
/*!40000 ALTER TABLE `spree_promotions` ENABLE KEYS */;
UNLOCK TABLES;

--
-- Table structure for table `spree_properties`
--

DROP TABLE IF EXISTS `spree_properties`;
/*!40101 SET @saved_cs_client     = @@character_set_client */;
/*!40101 SET character_set_client = utf8 */;
CREATE TABLE `spree_properties` (
  `id` int(11) NOT NULL AUTO_INCREMENT,
  `name` varchar(255) COLLATE utf8_unicode_ci DEFAULT NULL,
  `presentation` varchar(255) COLLATE utf8_unicode_ci NOT NULL,
  `created_at` datetime DEFAULT NULL,
  `updated_at` datetime DEFAULT NULL,
  PRIMARY KEY (`id`)
) ENGINE=InnoDB DEFAULT CHARSET=utf8 COLLATE=utf8_unicode_ci;
/*!40101 SET character_set_client = @saved_cs_client */;

--
-- Dumping data for table `spree_properties`
--

LOCK TABLES `spree_properties` WRITE;
/*!40000 ALTER TABLE `spree_properties` DISABLE KEYS */;
/*!40000 ALTER TABLE `spree_properties` ENABLE KEYS */;
UNLOCK TABLES;

--
-- Table structure for table `spree_properties_prototypes`
--

DROP TABLE IF EXISTS `spree_properties_prototypes`;
/*!40101 SET @saved_cs_client     = @@character_set_client */;
/*!40101 SET character_set_client = utf8 */;
CREATE TABLE `spree_properties_prototypes` (
  `prototype_id` int(11) DEFAULT NULL,
  `property_id` int(11) DEFAULT NULL
) ENGINE=InnoDB DEFAULT CHARSET=utf8 COLLATE=utf8_unicode_ci;
/*!40101 SET character_set_client = @saved_cs_client */;

--
-- Dumping data for table `spree_properties_prototypes`
--

LOCK TABLES `spree_properties_prototypes` WRITE;
/*!40000 ALTER TABLE `spree_properties_prototypes` DISABLE KEYS */;
/*!40000 ALTER TABLE `spree_properties_prototypes` ENABLE KEYS */;
UNLOCK TABLES;

--
-- Table structure for table `spree_property_translations`
--

DROP TABLE IF EXISTS `spree_property_translations`;
/*!40101 SET @saved_cs_client     = @@character_set_client */;
/*!40101 SET character_set_client = utf8 */;
CREATE TABLE `spree_property_translations` (
  `id` int(11) NOT NULL AUTO_INCREMENT,
  `spree_property_id` int(11) DEFAULT NULL,
  `locale` varchar(255) COLLATE utf8_unicode_ci DEFAULT NULL,
  `created_at` datetime DEFAULT NULL,
  `updated_at` datetime DEFAULT NULL,
  `name` varchar(255) COLLATE utf8_unicode_ci DEFAULT NULL,
  `presentation` varchar(255) COLLATE utf8_unicode_ci DEFAULT NULL,
  PRIMARY KEY (`id`),
  KEY `index_spree_property_translations_on_spree_property_id` (`spree_property_id`),
  KEY `index_spree_property_translations_on_locale` (`locale`)
) ENGINE=InnoDB DEFAULT CHARSET=utf8 COLLATE=utf8_unicode_ci;
/*!40101 SET character_set_client = @saved_cs_client */;

--
-- Dumping data for table `spree_property_translations`
--

LOCK TABLES `spree_property_translations` WRITE;
/*!40000 ALTER TABLE `spree_property_translations` DISABLE KEYS */;
/*!40000 ALTER TABLE `spree_property_translations` ENABLE KEYS */;
UNLOCK TABLES;

--
-- Table structure for table `spree_prototypes`
--

DROP TABLE IF EXISTS `spree_prototypes`;
/*!40101 SET @saved_cs_client     = @@character_set_client */;
/*!40101 SET character_set_client = utf8 */;
CREATE TABLE `spree_prototypes` (
  `id` int(11) NOT NULL AUTO_INCREMENT,
  `name` varchar(255) COLLATE utf8_unicode_ci DEFAULT NULL,
  `created_at` datetime DEFAULT NULL,
  `updated_at` datetime DEFAULT NULL,
  PRIMARY KEY (`id`)
) ENGINE=InnoDB DEFAULT CHARSET=utf8 COLLATE=utf8_unicode_ci;
/*!40101 SET character_set_client = @saved_cs_client */;

--
-- Dumping data for table `spree_prototypes`
--

LOCK TABLES `spree_prototypes` WRITE;
/*!40000 ALTER TABLE `spree_prototypes` DISABLE KEYS */;
/*!40000 ALTER TABLE `spree_prototypes` ENABLE KEYS */;
UNLOCK TABLES;

--
-- Table structure for table `spree_return_authorizations`
--

DROP TABLE IF EXISTS `spree_return_authorizations`;
/*!40101 SET @saved_cs_client     = @@character_set_client */;
/*!40101 SET character_set_client = utf8 */;
CREATE TABLE `spree_return_authorizations` (
  `id` int(11) NOT NULL AUTO_INCREMENT,
  `number` varchar(255) COLLATE utf8_unicode_ci DEFAULT NULL,
  `state` varchar(255) COLLATE utf8_unicode_ci DEFAULT NULL,
  `amount` decimal(10,2) NOT NULL DEFAULT '0.00',
  `order_id` int(11) DEFAULT NULL,
  `reason` text COLLATE utf8_unicode_ci,
  `created_at` datetime DEFAULT NULL,
  `updated_at` datetime DEFAULT NULL,
  `stock_location_id` int(11) DEFAULT NULL,
  PRIMARY KEY (`id`),
  KEY `index_spree_return_authorizations_on_number` (`number`),
  KEY `index_spree_return_authorizations_on_order_id` (`order_id`),
  KEY `index_spree_return_authorizations_on_stock_location_id` (`stock_location_id`)
) ENGINE=InnoDB DEFAULT CHARSET=utf8 COLLATE=utf8_unicode_ci;
/*!40101 SET character_set_client = @saved_cs_client */;

--
-- Dumping data for table `spree_return_authorizations`
--

LOCK TABLES `spree_return_authorizations` WRITE;
/*!40000 ALTER TABLE `spree_return_authorizations` DISABLE KEYS */;
/*!40000 ALTER TABLE `spree_return_authorizations` ENABLE KEYS */;
UNLOCK TABLES;

--
-- Table structure for table `spree_roles`
--

DROP TABLE IF EXISTS `spree_roles`;
/*!40101 SET @saved_cs_client     = @@character_set_client */;
/*!40101 SET character_set_client = utf8 */;
CREATE TABLE `spree_roles` (
  `id` int(11) NOT NULL AUTO_INCREMENT,
  `name` varchar(255) COLLATE utf8_unicode_ci DEFAULT NULL,
  PRIMARY KEY (`id`)
) ENGINE=InnoDB DEFAULT CHARSET=utf8 COLLATE=utf8_unicode_ci;
/*!40101 SET character_set_client = @saved_cs_client */;

--
-- Dumping data for table `spree_roles`
--

LOCK TABLES `spree_roles` WRITE;
/*!40000 ALTER TABLE `spree_roles` DISABLE KEYS */;
/*!40000 ALTER TABLE `spree_roles` ENABLE KEYS */;
UNLOCK TABLES;

--
-- Table structure for table `spree_roles_users`
--

DROP TABLE IF EXISTS `spree_roles_users`;
/*!40101 SET @saved_cs_client     = @@character_set_client */;
/*!40101 SET character_set_client = utf8 */;
CREATE TABLE `spree_roles_users` (
  `role_id` int(11) DEFAULT NULL,
  `user_id` int(11) DEFAULT NULL,
  KEY `index_spree_roles_users_on_role_id` (`role_id`),
  KEY `index_spree_roles_users_on_user_id` (`user_id`)
) ENGINE=InnoDB DEFAULT CHARSET=utf8 COLLATE=utf8_unicode_ci;
/*!40101 SET character_set_client = @saved_cs_client */;

--
-- Dumping data for table `spree_roles_users`
--

LOCK TABLES `spree_roles_users` WRITE;
/*!40000 ALTER TABLE `spree_roles_users` DISABLE KEYS */;
/*!40000 ALTER TABLE `spree_roles_users` ENABLE KEYS */;
UNLOCK TABLES;

--
-- Table structure for table `spree_shipments`
--

DROP TABLE IF EXISTS `spree_shipments`;
/*!40101 SET @saved_cs_client     = @@character_set_client */;
/*!40101 SET character_set_client = utf8 */;
CREATE TABLE `spree_shipments` (
  `id` int(11) NOT NULL AUTO_INCREMENT,
  `tracking` varchar(255) COLLATE utf8_unicode_ci DEFAULT NULL,
  `number` varchar(255) COLLATE utf8_unicode_ci DEFAULT NULL,
  `cost` decimal(10,2) DEFAULT '0.00',
  `shipped_at` datetime DEFAULT NULL,
  `order_id` int(11) DEFAULT NULL,
  `address_id` int(11) DEFAULT NULL,
  `state` varchar(255) COLLATE utf8_unicode_ci DEFAULT NULL,
  `created_at` datetime DEFAULT NULL,
  `updated_at` datetime DEFAULT NULL,
  `stock_location_id` int(11) DEFAULT NULL,
  `adjustment_total` decimal(10,2) DEFAULT '0.00',
  `additional_tax_total` decimal(10,2) DEFAULT '0.00',
  `promo_total` decimal(10,2) DEFAULT '0.00',
  `included_tax_total` decimal(10,2) NOT NULL DEFAULT '0.00',
  `pre_tax_amount` decimal(8,2) DEFAULT '0.00',
  PRIMARY KEY (`id`),
  KEY `index_shipments_on_number` (`number`),
  KEY `index_spree_shipments_on_order_id` (`order_id`),
  KEY `index_spree_shipments_on_stock_location_id` (`stock_location_id`),
  KEY `index_spree_shipments_on_address_id` (`address_id`)
) ENGINE=InnoDB DEFAULT CHARSET=utf8 COLLATE=utf8_unicode_ci;
/*!40101 SET character_set_client = @saved_cs_client */;

--
-- Dumping data for table `spree_shipments`
--

LOCK TABLES `spree_shipments` WRITE;
/*!40000 ALTER TABLE `spree_shipments` DISABLE KEYS */;
/*!40000 ALTER TABLE `spree_shipments` ENABLE KEYS */;
UNLOCK TABLES;

--
-- Table structure for table `spree_shipping_categories`
--

DROP TABLE IF EXISTS `spree_shipping_categories`;
/*!40101 SET @saved_cs_client     = @@character_set_client */;
/*!40101 SET character_set_client = utf8 */;
CREATE TABLE `spree_shipping_categories` (
  `id` int(11) NOT NULL AUTO_INCREMENT,
  `name` varchar(255) COLLATE utf8_unicode_ci DEFAULT NULL,
  `created_at` datetime DEFAULT NULL,
  `updated_at` datetime DEFAULT NULL,
  PRIMARY KEY (`id`)
) ENGINE=InnoDB AUTO_INCREMENT=2 DEFAULT CHARSET=utf8 COLLATE=utf8_unicode_ci;
/*!40101 SET character_set_client = @saved_cs_client */;

--
-- Dumping data for table `spree_shipping_categories`
--

LOCK TABLES `spree_shipping_categories` WRITE;
/*!40000 ALTER TABLE `spree_shipping_categories` DISABLE KEYS */;
INSERT INTO `spree_shipping_categories` VALUES (1,'Default','2015-06-04 09:31:20','2015-06-04 09:31:20');
/*!40000 ALTER TABLE `spree_shipping_categories` ENABLE KEYS */;
UNLOCK TABLES;

--
-- Table structure for table `spree_shipping_method_categories`
--

DROP TABLE IF EXISTS `spree_shipping_method_categories`;
/*!40101 SET @saved_cs_client     = @@character_set_client */;
/*!40101 SET character_set_client = utf8 */;
CREATE TABLE `spree_shipping_method_categories` (
  `id` int(11) NOT NULL AUTO_INCREMENT,
  `shipping_method_id` int(11) NOT NULL,
  `shipping_category_id` int(11) NOT NULL,
  `created_at` datetime DEFAULT NULL,
  `updated_at` datetime DEFAULT NULL,
  PRIMARY KEY (`id`),
  UNIQUE KEY `unique_spree_shipping_method_categories` (`shipping_category_id`,`shipping_method_id`),
  KEY `index_spree_shipping_method_categories_on_shipping_method_id` (`shipping_method_id`)
) ENGINE=InnoDB DEFAULT CHARSET=utf8 COLLATE=utf8_unicode_ci;
/*!40101 SET character_set_client = @saved_cs_client */;

--
-- Dumping data for table `spree_shipping_method_categories`
--

LOCK TABLES `spree_shipping_method_categories` WRITE;
/*!40000 ALTER TABLE `spree_shipping_method_categories` DISABLE KEYS */;
/*!40000 ALTER TABLE `spree_shipping_method_categories` ENABLE KEYS */;
UNLOCK TABLES;

--
-- Table structure for table `spree_shipping_methods`
--

DROP TABLE IF EXISTS `spree_shipping_methods`;
/*!40101 SET @saved_cs_client     = @@character_set_client */;
/*!40101 SET character_set_client = utf8 */;
CREATE TABLE `spree_shipping_methods` (
  `id` int(11) NOT NULL AUTO_INCREMENT,
  `name` varchar(255) COLLATE utf8_unicode_ci DEFAULT NULL,
  `display_on` varchar(255) COLLATE utf8_unicode_ci DEFAULT NULL,
  `deleted_at` datetime DEFAULT NULL,
  `created_at` datetime DEFAULT NULL,
  `updated_at` datetime DEFAULT NULL,
  `tracking_url` varchar(255) COLLATE utf8_unicode_ci DEFAULT NULL,
  `admin_name` varchar(255) COLLATE utf8_unicode_ci DEFAULT NULL,
  `tax_category_id` int(11) DEFAULT NULL,
  PRIMARY KEY (`id`),
  KEY `index_spree_shipping_methods_on_deleted_at` (`deleted_at`),
  KEY `index_spree_shipping_methods_on_tax_category_id` (`tax_category_id`)
) ENGINE=InnoDB DEFAULT CHARSET=utf8 COLLATE=utf8_unicode_ci;
/*!40101 SET character_set_client = @saved_cs_client */;

--
-- Dumping data for table `spree_shipping_methods`
--

LOCK TABLES `spree_shipping_methods` WRITE;
/*!40000 ALTER TABLE `spree_shipping_methods` DISABLE KEYS */;
/*!40000 ALTER TABLE `spree_shipping_methods` ENABLE KEYS */;
UNLOCK TABLES;

--
-- Table structure for table `spree_shipping_methods_zones`
--

DROP TABLE IF EXISTS `spree_shipping_methods_zones`;
/*!40101 SET @saved_cs_client     = @@character_set_client */;
/*!40101 SET character_set_client = utf8 */;
CREATE TABLE `spree_shipping_methods_zones` (
  `shipping_method_id` int(11) DEFAULT NULL,
  `zone_id` int(11) DEFAULT NULL
) ENGINE=InnoDB DEFAULT CHARSET=utf8 COLLATE=utf8_unicode_ci;
/*!40101 SET character_set_client = @saved_cs_client */;

--
-- Dumping data for table `spree_shipping_methods_zones`
--

LOCK TABLES `spree_shipping_methods_zones` WRITE;
/*!40000 ALTER TABLE `spree_shipping_methods_zones` DISABLE KEYS */;
/*!40000 ALTER TABLE `spree_shipping_methods_zones` ENABLE KEYS */;
UNLOCK TABLES;

--
-- Table structure for table `spree_shipping_rates`
--

DROP TABLE IF EXISTS `spree_shipping_rates`;
/*!40101 SET @saved_cs_client     = @@character_set_client */;
/*!40101 SET character_set_client = utf8 */;
CREATE TABLE `spree_shipping_rates` (
  `id` int(11) NOT NULL AUTO_INCREMENT,
  `shipment_id` int(11) DEFAULT NULL,
  `shipping_method_id` int(11) DEFAULT NULL,
  `selected` tinyint(1) DEFAULT '0',
  `cost` decimal(8,2) DEFAULT '0.00',
  `created_at` datetime DEFAULT NULL,
  `updated_at` datetime DEFAULT NULL,
  `tax_rate_id` int(11) DEFAULT NULL,
  PRIMARY KEY (`id`),
  UNIQUE KEY `spree_shipping_rates_join_index` (`shipment_id`,`shipping_method_id`),
  KEY `index_spree_shipping_rates_on_selected` (`selected`),
  KEY `index_spree_shipping_rates_on_tax_rate_id` (`tax_rate_id`)
) ENGINE=InnoDB DEFAULT CHARSET=utf8 COLLATE=utf8_unicode_ci;
/*!40101 SET character_set_client = @saved_cs_client */;

--
-- Dumping data for table `spree_shipping_rates`
--

LOCK TABLES `spree_shipping_rates` WRITE;
/*!40000 ALTER TABLE `spree_shipping_rates` DISABLE KEYS */;
/*!40000 ALTER TABLE `spree_shipping_rates` ENABLE KEYS */;
UNLOCK TABLES;

--
-- Table structure for table `spree_state_changes`
--

DROP TABLE IF EXISTS `spree_state_changes`;
/*!40101 SET @saved_cs_client     = @@character_set_client */;
/*!40101 SET character_set_client = utf8 */;
CREATE TABLE `spree_state_changes` (
  `id` int(11) NOT NULL AUTO_INCREMENT,
  `name` varchar(255) COLLATE utf8_unicode_ci DEFAULT NULL,
  `previous_state` varchar(255) COLLATE utf8_unicode_ci DEFAULT NULL,
  `stateful_id` int(11) DEFAULT NULL,
  `user_id` int(11) DEFAULT NULL,
  `stateful_type` varchar(255) COLLATE utf8_unicode_ci DEFAULT NULL,
  `next_state` varchar(255) COLLATE utf8_unicode_ci DEFAULT NULL,
  `created_at` datetime DEFAULT NULL,
  `updated_at` datetime DEFAULT NULL,
  PRIMARY KEY (`id`),
  KEY `index_spree_state_changes_on_stateful_id_and_stateful_type` (`stateful_id`,`stateful_type`),
  KEY `index_spree_state_changes_on_user_id` (`user_id`)
) ENGINE=InnoDB DEFAULT CHARSET=utf8 COLLATE=utf8_unicode_ci;
/*!40101 SET character_set_client = @saved_cs_client */;

--
-- Dumping data for table `spree_state_changes`
--

LOCK TABLES `spree_state_changes` WRITE;
/*!40000 ALTER TABLE `spree_state_changes` DISABLE KEYS */;
/*!40000 ALTER TABLE `spree_state_changes` ENABLE KEYS */;
UNLOCK TABLES;

--
-- Table structure for table `spree_states`
--

DROP TABLE IF EXISTS `spree_states`;
/*!40101 SET @saved_cs_client     = @@character_set_client */;
/*!40101 SET character_set_client = utf8 */;
CREATE TABLE `spree_states` (
  `id` int(11) NOT NULL AUTO_INCREMENT,
  `name` varchar(255) COLLATE utf8_unicode_ci DEFAULT NULL,
  `abbr` varchar(255) COLLATE utf8_unicode_ci DEFAULT NULL,
  `country_id` int(11) DEFAULT NULL,
  `updated_at` datetime DEFAULT NULL,
  PRIMARY KEY (`id`),
  KEY `index_spree_states_on_country_id` (`country_id`)
) ENGINE=InnoDB DEFAULT CHARSET=utf8 COLLATE=utf8_unicode_ci;
/*!40101 SET character_set_client = @saved_cs_client */;

--
-- Dumping data for table `spree_states`
--

LOCK TABLES `spree_states` WRITE;
/*!40000 ALTER TABLE `spree_states` DISABLE KEYS */;
/*!40000 ALTER TABLE `spree_states` ENABLE KEYS */;
UNLOCK TABLES;

--
-- Table structure for table `spree_stock_items`
--

DROP TABLE IF EXISTS `spree_stock_items`;
/*!40101 SET @saved_cs_client     = @@character_set_client */;
/*!40101 SET character_set_client = utf8 */;
CREATE TABLE `spree_stock_items` (
  `id` int(11) NOT NULL AUTO_INCREMENT,
  `stock_location_id` int(11) DEFAULT NULL,
  `variant_id` int(11) DEFAULT NULL,
  `count_on_hand` int(11) NOT NULL DEFAULT '0',
  `created_at` datetime DEFAULT NULL,
  `updated_at` datetime DEFAULT NULL,
  `backorderable` tinyint(1) DEFAULT '0',
  `deleted_at` datetime DEFAULT NULL,
  PRIMARY KEY (`id`),
  KEY `index_spree_stock_items_on_stock_location_id` (`stock_location_id`),
  KEY `stock_item_by_loc_and_var_id` (`stock_location_id`,`variant_id`),
  KEY `index_spree_stock_items_on_deleted_at` (`deleted_at`),
  KEY `index_spree_stock_items_on_backorderable` (`backorderable`)
) ENGINE=InnoDB DEFAULT CHARSET=utf8 COLLATE=utf8_unicode_ci;
/*!40101 SET character_set_client = @saved_cs_client */;

--
-- Dumping data for table `spree_stock_items`
--

LOCK TABLES `spree_stock_items` WRITE;
/*!40000 ALTER TABLE `spree_stock_items` DISABLE KEYS */;
/*!40000 ALTER TABLE `spree_stock_items` ENABLE KEYS */;
UNLOCK TABLES;

--
-- Table structure for table `spree_stock_locations`
--

DROP TABLE IF EXISTS `spree_stock_locations`;
/*!40101 SET @saved_cs_client     = @@character_set_client */;
/*!40101 SET character_set_client = utf8 */;
CREATE TABLE `spree_stock_locations` (
  `id` int(11) NOT NULL AUTO_INCREMENT,
  `name` varchar(255) COLLATE utf8_unicode_ci DEFAULT NULL,
  `created_at` datetime DEFAULT NULL,
  `updated_at` datetime DEFAULT NULL,
  `address1` varchar(255) COLLATE utf8_unicode_ci DEFAULT NULL,
  `address2` varchar(255) COLLATE utf8_unicode_ci DEFAULT NULL,
  `city` varchar(255) COLLATE utf8_unicode_ci DEFAULT NULL,
  `state_id` int(11) DEFAULT NULL,
  `state_name` varchar(255) COLLATE utf8_unicode_ci DEFAULT NULL,
  `country_id` int(11) DEFAULT NULL,
  `zipcode` varchar(255) COLLATE utf8_unicode_ci DEFAULT NULL,
  `phone` varchar(255) COLLATE utf8_unicode_ci DEFAULT NULL,
  `active` tinyint(1) DEFAULT '1',
  `backorderable_default` tinyint(1) DEFAULT '0',
  `propagate_all_variants` tinyint(1) DEFAULT '1',
  `admin_name` varchar(255) COLLATE utf8_unicode_ci DEFAULT NULL,
  PRIMARY KEY (`id`),
  KEY `index_spree_stock_locations_on_active` (`active`),
  KEY `index_spree_stock_locations_on_backorderable_default` (`backorderable_default`),
  KEY `index_spree_stock_locations_on_country_id` (`country_id`),
  KEY `index_spree_stock_locations_on_propagate_all_variants` (`propagate_all_variants`),
  KEY `index_spree_stock_locations_on_state_id` (`state_id`)
) ENGINE=InnoDB AUTO_INCREMENT=2 DEFAULT CHARSET=utf8 COLLATE=utf8_unicode_ci;
/*!40101 SET character_set_client = @saved_cs_client */;

--
-- Dumping data for table `spree_stock_locations`
--

LOCK TABLES `spree_stock_locations` WRITE;
/*!40000 ALTER TABLE `spree_stock_locations` DISABLE KEYS */;
INSERT INTO `spree_stock_locations` VALUES (1,'default','2015-06-04 09:31:14','2015-06-04 09:31:14',NULL,NULL,NULL,NULL,NULL,NULL,NULL,NULL,1,1,1,NULL);
/*!40000 ALTER TABLE `spree_stock_locations` ENABLE KEYS */;
UNLOCK TABLES;

--
-- Table structure for table `spree_stock_movements`
--

DROP TABLE IF EXISTS `spree_stock_movements`;
/*!40101 SET @saved_cs_client     = @@character_set_client */;
/*!40101 SET character_set_client = utf8 */;
CREATE TABLE `spree_stock_movements` (
  `id` int(11) NOT NULL AUTO_INCREMENT,
  `stock_item_id` int(11) DEFAULT NULL,
  `quantity` int(11) DEFAULT '0',
  `action` varchar(255) COLLATE utf8_unicode_ci DEFAULT NULL,
  `created_at` datetime DEFAULT NULL,
  `updated_at` datetime DEFAULT NULL,
  `originator_id` int(11) DEFAULT NULL,
  `originator_type` varchar(255) COLLATE utf8_unicode_ci DEFAULT NULL,
  PRIMARY KEY (`id`),
  KEY `index_spree_stock_movements_on_stock_item_id` (`stock_item_id`)
) ENGINE=InnoDB DEFAULT CHARSET=utf8 COLLATE=utf8_unicode_ci;
/*!40101 SET character_set_client = @saved_cs_client */;

--
-- Dumping data for table `spree_stock_movements`
--

LOCK TABLES `spree_stock_movements` WRITE;
/*!40000 ALTER TABLE `spree_stock_movements` DISABLE KEYS */;
/*!40000 ALTER TABLE `spree_stock_movements` ENABLE KEYS */;
UNLOCK TABLES;

--
-- Table structure for table `spree_stock_transfers`
--

DROP TABLE IF EXISTS `spree_stock_transfers`;
/*!40101 SET @saved_cs_client     = @@character_set_client */;
/*!40101 SET character_set_client = utf8 */;
CREATE TABLE `spree_stock_transfers` (
  `id` int(11) NOT NULL AUTO_INCREMENT,
  `type` varchar(255) COLLATE utf8_unicode_ci DEFAULT NULL,
  `reference` varchar(255) COLLATE utf8_unicode_ci DEFAULT NULL,
  `source_location_id` int(11) DEFAULT NULL,
  `destination_location_id` int(11) DEFAULT NULL,
  `created_at` datetime DEFAULT NULL,
  `updated_at` datetime DEFAULT NULL,
  `number` varchar(255) COLLATE utf8_unicode_ci DEFAULT NULL,
  PRIMARY KEY (`id`),
  KEY `index_spree_stock_transfers_on_number` (`number`),
  KEY `index_spree_stock_transfers_on_source_location_id` (`source_location_id`),
  KEY `index_spree_stock_transfers_on_destination_location_id` (`destination_location_id`)
) ENGINE=InnoDB DEFAULT CHARSET=utf8 COLLATE=utf8_unicode_ci;
/*!40101 SET character_set_client = @saved_cs_client */;

--
-- Dumping data for table `spree_stock_transfers`
--

LOCK TABLES `spree_stock_transfers` WRITE;
/*!40000 ALTER TABLE `spree_stock_transfers` DISABLE KEYS */;
/*!40000 ALTER TABLE `spree_stock_transfers` ENABLE KEYS */;
UNLOCK TABLES;

--
-- Table structure for table `spree_stores`
--

DROP TABLE IF EXISTS `spree_stores`;
/*!40101 SET @saved_cs_client     = @@character_set_client */;
/*!40101 SET character_set_client = utf8 */;
CREATE TABLE `spree_stores` (
  `id` int(11) NOT NULL AUTO_INCREMENT,
  `name` varchar(255) COLLATE utf8_unicode_ci DEFAULT NULL,
  `url` varchar(255) COLLATE utf8_unicode_ci DEFAULT NULL,
  `meta_description` text COLLATE utf8_unicode_ci,
  `meta_keywords` text COLLATE utf8_unicode_ci,
  `seo_title` varchar(255) COLLATE utf8_unicode_ci DEFAULT NULL,
  `mail_from_address` varchar(255) COLLATE utf8_unicode_ci DEFAULT NULL,
  `default_currency` varchar(255) COLLATE utf8_unicode_ci DEFAULT NULL,
  `code` varchar(255) COLLATE utf8_unicode_ci DEFAULT NULL,
  `default` tinyint(1) NOT NULL DEFAULT '0',
  `created_at` datetime DEFAULT NULL,
  `updated_at` datetime DEFAULT NULL,
  PRIMARY KEY (`id`),
  KEY `index_spree_stores_on_code` (`code`),
  KEY `index_spree_stores_on_default` (`default`),
  KEY `index_spree_stores_on_url` (`url`)
) ENGINE=InnoDB AUTO_INCREMENT=2 DEFAULT CHARSET=utf8 COLLATE=utf8_unicode_ci;
/*!40101 SET character_set_client = @saved_cs_client */;

--
-- Dumping data for table `spree_stores`
--

LOCK TABLES `spree_stores` WRITE;
/*!40000 ALTER TABLE `spree_stores` DISABLE KEYS */;
INSERT INTO `spree_stores` VALUES (1,'Technologic Arts Shopping Site','demo.spreecommerce.com',NULL,NULL,NULL,'spree@example.com','USD','spree',1,'2015-06-04 09:31:22','2015-06-04 09:31:22');
/*!40000 ALTER TABLE `spree_stores` ENABLE KEYS */;
UNLOCK TABLES;

--
-- Table structure for table `spree_tax_categories`
--

DROP TABLE IF EXISTS `spree_tax_categories`;
/*!40101 SET @saved_cs_client     = @@character_set_client */;
/*!40101 SET character_set_client = utf8 */;
CREATE TABLE `spree_tax_categories` (
  `id` int(11) NOT NULL AUTO_INCREMENT,
  `name` varchar(255) COLLATE utf8_unicode_ci DEFAULT NULL,
  `description` varchar(255) COLLATE utf8_unicode_ci DEFAULT NULL,
  `is_default` tinyint(1) DEFAULT '0',
  `deleted_at` datetime DEFAULT NULL,
  `created_at` datetime DEFAULT NULL,
  `updated_at` datetime DEFAULT NULL,
  PRIMARY KEY (`id`),
  KEY `index_spree_tax_categories_on_deleted_at` (`deleted_at`),
  KEY `index_spree_tax_categories_on_is_default` (`is_default`)
) ENGINE=InnoDB DEFAULT CHARSET=utf8 COLLATE=utf8_unicode_ci;
/*!40101 SET character_set_client = @saved_cs_client */;

--
-- Dumping data for table `spree_tax_categories`
--

LOCK TABLES `spree_tax_categories` WRITE;
/*!40000 ALTER TABLE `spree_tax_categories` DISABLE KEYS */;
/*!40000 ALTER TABLE `spree_tax_categories` ENABLE KEYS */;
UNLOCK TABLES;

--
-- Table structure for table `spree_tax_rates`
--

DROP TABLE IF EXISTS `spree_tax_rates`;
/*!40101 SET @saved_cs_client     = @@character_set_client */;
/*!40101 SET character_set_client = utf8 */;
CREATE TABLE `spree_tax_rates` (
  `id` int(11) NOT NULL AUTO_INCREMENT,
  `amount` decimal(8,5) DEFAULT NULL,
  `zone_id` int(11) DEFAULT NULL,
  `tax_category_id` int(11) DEFAULT NULL,
  `included_in_price` tinyint(1) DEFAULT '0',
  `created_at` datetime DEFAULT NULL,
  `updated_at` datetime DEFAULT NULL,
  `name` varchar(255) COLLATE utf8_unicode_ci DEFAULT NULL,
  `show_rate_in_label` tinyint(1) DEFAULT '1',
  `deleted_at` datetime DEFAULT NULL,
  PRIMARY KEY (`id`),
  KEY `index_spree_tax_rates_on_deleted_at` (`deleted_at`),
  KEY `index_spree_tax_rates_on_included_in_price` (`included_in_price`),
  KEY `index_spree_tax_rates_on_show_rate_in_label` (`show_rate_in_label`),
  KEY `index_spree_tax_rates_on_tax_category_id` (`tax_category_id`),
  KEY `index_spree_tax_rates_on_zone_id` (`zone_id`)
) ENGINE=InnoDB DEFAULT CHARSET=utf8 COLLATE=utf8_unicode_ci;
/*!40101 SET character_set_client = @saved_cs_client */;

--
-- Dumping data for table `spree_tax_rates`
--

LOCK TABLES `spree_tax_rates` WRITE;
/*!40000 ALTER TABLE `spree_tax_rates` DISABLE KEYS */;
/*!40000 ALTER TABLE `spree_tax_rates` ENABLE KEYS */;
UNLOCK TABLES;

--
-- Table structure for table `spree_taxon_translations`
--

DROP TABLE IF EXISTS `spree_taxon_translations`;
/*!40101 SET @saved_cs_client     = @@character_set_client */;
/*!40101 SET character_set_client = utf8 */;
CREATE TABLE `spree_taxon_translations` (
  `id` int(11) NOT NULL AUTO_INCREMENT,
  `spree_taxon_id` int(11) DEFAULT NULL,
  `locale` varchar(255) COLLATE utf8_unicode_ci DEFAULT NULL,
  `created_at` datetime DEFAULT NULL,
  `updated_at` datetime DEFAULT NULL,
  `name` varchar(255) COLLATE utf8_unicode_ci DEFAULT NULL,
  `description` text COLLATE utf8_unicode_ci,
  `meta_title` varchar(255) COLLATE utf8_unicode_ci DEFAULT NULL,
  `meta_description` varchar(255) COLLATE utf8_unicode_ci DEFAULT NULL,
  `meta_keywords` varchar(255) COLLATE utf8_unicode_ci DEFAULT NULL,
  `permalink` varchar(255) COLLATE utf8_unicode_ci DEFAULT NULL,
  PRIMARY KEY (`id`),
  KEY `index_spree_taxon_translations_on_spree_taxon_id` (`spree_taxon_id`),
  KEY `index_spree_taxon_translations_on_locale` (`locale`)
) ENGINE=InnoDB DEFAULT CHARSET=utf8 COLLATE=utf8_unicode_ci;
/*!40101 SET character_set_client = @saved_cs_client */;

--
-- Dumping data for table `spree_taxon_translations`
--

LOCK TABLES `spree_taxon_translations` WRITE;
/*!40000 ALTER TABLE `spree_taxon_translations` DISABLE KEYS */;
/*!40000 ALTER TABLE `spree_taxon_translations` ENABLE KEYS */;
UNLOCK TABLES;

--
-- Table structure for table `spree_taxonomies`
--

DROP TABLE IF EXISTS `spree_taxonomies`;
/*!40101 SET @saved_cs_client     = @@character_set_client */;
/*!40101 SET character_set_client = utf8 */;
CREATE TABLE `spree_taxonomies` (
  `id` int(11) NOT NULL AUTO_INCREMENT,
  `name` varchar(255) COLLATE utf8_unicode_ci NOT NULL,
  `created_at` datetime DEFAULT NULL,
  `updated_at` datetime DEFAULT NULL,
  `position` int(11) DEFAULT '0',
  PRIMARY KEY (`id`),
  KEY `index_spree_taxonomies_on_position` (`position`)
) ENGINE=InnoDB DEFAULT CHARSET=utf8 COLLATE=utf8_unicode_ci;
/*!40101 SET character_set_client = @saved_cs_client */;

--
-- Dumping data for table `spree_taxonomies`
--

LOCK TABLES `spree_taxonomies` WRITE;
/*!40000 ALTER TABLE `spree_taxonomies` DISABLE KEYS */;
/*!40000 ALTER TABLE `spree_taxonomies` ENABLE KEYS */;
UNLOCK TABLES;

--
-- Table structure for table `spree_taxonomy_translations`
--

DROP TABLE IF EXISTS `spree_taxonomy_translations`;
/*!40101 SET @saved_cs_client     = @@character_set_client */;
/*!40101 SET character_set_client = utf8 */;
CREATE TABLE `spree_taxonomy_translations` (
  `id` int(11) NOT NULL AUTO_INCREMENT,
  `spree_taxonomy_id` int(11) DEFAULT NULL,
  `locale` varchar(255) COLLATE utf8_unicode_ci DEFAULT NULL,
  `created_at` datetime DEFAULT NULL,
  `updated_at` datetime DEFAULT NULL,
  `name` varchar(255) COLLATE utf8_unicode_ci DEFAULT NULL,
  PRIMARY KEY (`id`),
  KEY `index_spree_taxonomy_translations_on_spree_taxonomy_id` (`spree_taxonomy_id`),
  KEY `index_spree_taxonomy_translations_on_locale` (`locale`)
) ENGINE=InnoDB DEFAULT CHARSET=utf8 COLLATE=utf8_unicode_ci;
/*!40101 SET character_set_client = @saved_cs_client */;

--
-- Dumping data for table `spree_taxonomy_translations`
--

LOCK TABLES `spree_taxonomy_translations` WRITE;
/*!40000 ALTER TABLE `spree_taxonomy_translations` DISABLE KEYS */;
/*!40000 ALTER TABLE `spree_taxonomy_translations` ENABLE KEYS */;
UNLOCK TABLES;

--
-- Table structure for table `spree_taxons`
--

DROP TABLE IF EXISTS `spree_taxons`;
/*!40101 SET @saved_cs_client     = @@character_set_client */;
/*!40101 SET character_set_client = utf8 */;
CREATE TABLE `spree_taxons` (
  `id` int(11) NOT NULL AUTO_INCREMENT,
  `parent_id` int(11) DEFAULT NULL,
  `position` int(11) DEFAULT '0',
  `name` varchar(255) COLLATE utf8_unicode_ci NOT NULL,
  `permalink` varchar(255) COLLATE utf8_unicode_ci DEFAULT NULL,
  `taxonomy_id` int(11) DEFAULT NULL,
  `lft` int(11) DEFAULT NULL,
  `rgt` int(11) DEFAULT NULL,
  `icon_file_name` varchar(255) COLLATE utf8_unicode_ci DEFAULT NULL,
  `icon_content_type` varchar(255) COLLATE utf8_unicode_ci DEFAULT NULL,
  `icon_file_size` int(11) DEFAULT NULL,
  `icon_updated_at` datetime DEFAULT NULL,
  `description` text COLLATE utf8_unicode_ci,
  `created_at` datetime DEFAULT NULL,
  `updated_at` datetime DEFAULT NULL,
  `meta_title` varchar(255) COLLATE utf8_unicode_ci DEFAULT NULL,
  `meta_description` varchar(255) COLLATE utf8_unicode_ci DEFAULT NULL,
  `meta_keywords` varchar(255) COLLATE utf8_unicode_ci DEFAULT NULL,
  `depth` int(11) DEFAULT NULL,
  PRIMARY KEY (`id`),
  KEY `index_taxons_on_parent_id` (`parent_id`),
  KEY `index_taxons_on_permalink` (`permalink`),
  KEY `index_taxons_on_taxonomy_id` (`taxonomy_id`),
  KEY `index_spree_taxons_on_position` (`position`)
) ENGINE=InnoDB DEFAULT CHARSET=utf8 COLLATE=utf8_unicode_ci;
/*!40101 SET character_set_client = @saved_cs_client */;

--
-- Dumping data for table `spree_taxons`
--

LOCK TABLES `spree_taxons` WRITE;
/*!40000 ALTER TABLE `spree_taxons` DISABLE KEYS */;
/*!40000 ALTER TABLE `spree_taxons` ENABLE KEYS */;
UNLOCK TABLES;

--
-- Table structure for table `spree_tokenized_permissions`
--

DROP TABLE IF EXISTS `spree_tokenized_permissions`;
/*!40101 SET @saved_cs_client     = @@character_set_client */;
/*!40101 SET character_set_client = utf8 */;
CREATE TABLE `spree_tokenized_permissions` (
  `id` int(11) NOT NULL AUTO_INCREMENT,
  `permissable_id` int(11) DEFAULT NULL,
  `permissable_type` varchar(255) COLLATE utf8_unicode_ci DEFAULT NULL,
  `token` varchar(255) COLLATE utf8_unicode_ci DEFAULT NULL,
  `created_at` datetime DEFAULT NULL,
  `updated_at` datetime DEFAULT NULL,
  PRIMARY KEY (`id`),
  KEY `index_tokenized_name_and_type` (`permissable_id`,`permissable_type`)
) ENGINE=InnoDB DEFAULT CHARSET=utf8 COLLATE=utf8_unicode_ci;
/*!40101 SET character_set_client = @saved_cs_client */;

--
-- Dumping data for table `spree_tokenized_permissions`
--

LOCK TABLES `spree_tokenized_permissions` WRITE;
/*!40000 ALTER TABLE `spree_tokenized_permissions` DISABLE KEYS */;
/*!40000 ALTER TABLE `spree_tokenized_permissions` ENABLE KEYS */;
UNLOCK TABLES;

--
-- Table structure for table `spree_trackers`
--

DROP TABLE IF EXISTS `spree_trackers`;
/*!40101 SET @saved_cs_client     = @@character_set_client */;
/*!40101 SET character_set_client = utf8 */;
CREATE TABLE `spree_trackers` (
  `id` int(11) NOT NULL AUTO_INCREMENT,
  `environment` varchar(255) COLLATE utf8_unicode_ci DEFAULT NULL,
  `analytics_id` varchar(255) COLLATE utf8_unicode_ci DEFAULT NULL,
  `active` tinyint(1) DEFAULT '1',
  `created_at` datetime DEFAULT NULL,
  `updated_at` datetime DEFAULT NULL,
  PRIMARY KEY (`id`),
  KEY `index_spree_trackers_on_active` (`active`)
) ENGINE=InnoDB DEFAULT CHARSET=utf8 COLLATE=utf8_unicode_ci;
/*!40101 SET character_set_client = @saved_cs_client */;

--
-- Dumping data for table `spree_trackers`
--

LOCK TABLES `spree_trackers` WRITE;
/*!40000 ALTER TABLE `spree_trackers` DISABLE KEYS */;
/*!40000 ALTER TABLE `spree_trackers` ENABLE KEYS */;
UNLOCK TABLES;

--
-- Table structure for table `spree_users`
--

DROP TABLE IF EXISTS `spree_users`;
/*!40101 SET @saved_cs_client     = @@character_set_client */;
/*!40101 SET character_set_client = utf8 */;
CREATE TABLE `spree_users` (
  `id` int(11) NOT NULL AUTO_INCREMENT,
  `encrypted_password` varchar(128) COLLATE utf8_unicode_ci DEFAULT NULL,
  `password_salt` varchar(128) COLLATE utf8_unicode_ci DEFAULT NULL,
  `email` varchar(255) COLLATE utf8_unicode_ci DEFAULT NULL,
  `remember_token` varchar(255) COLLATE utf8_unicode_ci DEFAULT NULL,
  `persistence_token` varchar(255) COLLATE utf8_unicode_ci DEFAULT NULL,
  `reset_password_token` varchar(255) COLLATE utf8_unicode_ci DEFAULT NULL,
  `perishable_token` varchar(255) COLLATE utf8_unicode_ci DEFAULT NULL,
  `sign_in_count` int(11) NOT NULL DEFAULT '0',
  `failed_attempts` int(11) NOT NULL DEFAULT '0',
  `last_request_at` datetime DEFAULT NULL,
  `current_sign_in_at` datetime DEFAULT NULL,
  `last_sign_in_at` datetime DEFAULT NULL,
  `current_sign_in_ip` varchar(255) COLLATE utf8_unicode_ci DEFAULT NULL,
  `last_sign_in_ip` varchar(255) COLLATE utf8_unicode_ci DEFAULT NULL,
  `login` varchar(255) COLLATE utf8_unicode_ci DEFAULT NULL,
  `ship_address_id` int(11) DEFAULT NULL,
  `bill_address_id` int(11) DEFAULT NULL,
  `authentication_token` varchar(255) COLLATE utf8_unicode_ci DEFAULT NULL,
  `unlock_token` varchar(255) COLLATE utf8_unicode_ci DEFAULT NULL,
  `locked_at` datetime DEFAULT NULL,
  `remember_created_at` datetime DEFAULT NULL,
  `reset_password_sent_at` datetime DEFAULT NULL,
  `created_at` datetime DEFAULT NULL,
  `updated_at` datetime DEFAULT NULL,
  PRIMARY KEY (`id`)
) ENGINE=InnoDB DEFAULT CHARSET=utf8 COLLATE=utf8_unicode_ci;
/*!40101 SET character_set_client = @saved_cs_client */;

--
-- Dumping data for table `spree_users`
--

LOCK TABLES `spree_users` WRITE;
/*!40000 ALTER TABLE `spree_users` DISABLE KEYS */;
/*!40000 ALTER TABLE `spree_users` ENABLE KEYS */;
UNLOCK TABLES;

--
-- Table structure for table `spree_variants`
--

DROP TABLE IF EXISTS `spree_variants`;
/*!40101 SET @saved_cs_client     = @@character_set_client */;
/*!40101 SET character_set_client = utf8 */;
CREATE TABLE `spree_variants` (
  `id` int(11) NOT NULL AUTO_INCREMENT,
  `sku` varchar(255) COLLATE utf8_unicode_ci NOT NULL DEFAULT '',
  `weight` decimal(8,2) DEFAULT '0.00',
  `height` decimal(8,2) DEFAULT NULL,
  `width` decimal(8,2) DEFAULT NULL,
  `depth` decimal(8,2) DEFAULT NULL,
  `deleted_at` datetime DEFAULT NULL,
  `is_master` tinyint(1) DEFAULT '0',
  `product_id` int(11) DEFAULT NULL,
  `cost_price` decimal(10,2) DEFAULT NULL,
  `cost_currency` varchar(255) COLLATE utf8_unicode_ci DEFAULT NULL,
  `position` int(11) DEFAULT NULL,
  `track_inventory` tinyint(1) DEFAULT '1',
  `tax_category_id` int(11) DEFAULT NULL,
  `updated_at` datetime DEFAULT NULL,
  PRIMARY KEY (`id`),
  KEY `index_spree_variants_on_product_id` (`product_id`),
  KEY `index_spree_variants_on_sku` (`sku`),
  KEY `index_spree_variants_on_tax_category_id` (`tax_category_id`),
  KEY `index_spree_variants_on_deleted_at` (`deleted_at`),
  KEY `index_spree_variants_on_is_master` (`is_master`),
  KEY `index_spree_variants_on_position` (`position`),
  KEY `index_spree_variants_on_track_inventory` (`track_inventory`)
) ENGINE=InnoDB DEFAULT CHARSET=utf8 COLLATE=utf8_unicode_ci;
/*!40101 SET character_set_client = @saved_cs_client */;

--
-- Dumping data for table `spree_variants`
--

LOCK TABLES `spree_variants` WRITE;
/*!40000 ALTER TABLE `spree_variants` DISABLE KEYS */;
/*!40000 ALTER TABLE `spree_variants` ENABLE KEYS */;
UNLOCK TABLES;

--
-- Table structure for table `spree_zone_members`
--

DROP TABLE IF EXISTS `spree_zone_members`;
/*!40101 SET @saved_cs_client     = @@character_set_client */;
/*!40101 SET character_set_client = utf8 */;
CREATE TABLE `spree_zone_members` (
  `id` int(11) NOT NULL AUTO_INCREMENT,
  `zoneable_id` int(11) DEFAULT NULL,
  `zoneable_type` varchar(255) COLLATE utf8_unicode_ci DEFAULT NULL,
  `zone_id` int(11) DEFAULT NULL,
  `created_at` datetime DEFAULT NULL,
  `updated_at` datetime DEFAULT NULL,
  PRIMARY KEY (`id`),
  KEY `index_spree_zone_members_on_zone_id` (`zone_id`),
  KEY `index_spree_zone_members_on_zoneable_id_and_zoneable_type` (`zoneable_id`,`zoneable_type`)
) ENGINE=InnoDB DEFAULT CHARSET=utf8 COLLATE=utf8_unicode_ci;
/*!40101 SET character_set_client = @saved_cs_client */;

--
-- Dumping data for table `spree_zone_members`
--

LOCK TABLES `spree_zone_members` WRITE;
/*!40000 ALTER TABLE `spree_zone_members` DISABLE KEYS */;
/*!40000 ALTER TABLE `spree_zone_members` ENABLE KEYS */;
UNLOCK TABLES;

--
-- Table structure for table `spree_zones`
--

DROP TABLE IF EXISTS `spree_zones`;
/*!40101 SET @saved_cs_client     = @@character_set_client */;
/*!40101 SET character_set_client = utf8 */;
CREATE TABLE `spree_zones` (
  `id` int(11) NOT NULL AUTO_INCREMENT,
  `name` varchar(255) COLLATE utf8_unicode_ci DEFAULT NULL,
  `description` varchar(255) COLLATE utf8_unicode_ci DEFAULT NULL,
  `default_tax` tinyint(1) DEFAULT '0',
  `zone_members_count` int(11) DEFAULT '0',
  `created_at` datetime DEFAULT NULL,
  `updated_at` datetime DEFAULT NULL,
  PRIMARY KEY (`id`),
  KEY `index_spree_zones_on_default_tax` (`default_tax`)
) ENGINE=InnoDB DEFAULT CHARSET=utf8 COLLATE=utf8_unicode_ci;
/*!40101 SET character_set_client = @saved_cs_client */;

--
-- Dumping data for table `spree_zones`
--

LOCK TABLES `spree_zones` WRITE;
/*!40000 ALTER TABLE `spree_zones` DISABLE KEYS */;
/*!40000 ALTER TABLE `spree_zones` ENABLE KEYS */;
UNLOCK TABLES;

--
-- Table structure for table `users`
--

DROP TABLE IF EXISTS `users`;
/*!40101 SET @saved_cs_client     = @@character_set_client */;
/*!40101 SET character_set_client = utf8 */;
CREATE TABLE `users` (
  `id` int(11) NOT NULL AUTO_INCREMENT,
  `email` varchar(255) COLLATE utf8_unicode_ci NOT NULL DEFAULT '',
  `encrypted_password` varchar(255) COLLATE utf8_unicode_ci NOT NULL DEFAULT '',
  `reset_password_token` varchar(255) COLLATE utf8_unicode_ci DEFAULT NULL,
  `reset_password_sent_at` datetime DEFAULT NULL,
  `remember_created_at` datetime DEFAULT NULL,
  `sign_in_count` int(11) NOT NULL DEFAULT '0',
  `current_sign_in_at` datetime DEFAULT NULL,
  `last_sign_in_at` datetime DEFAULT NULL,
  `current_sign_in_ip` varchar(255) COLLATE utf8_unicode_ci DEFAULT NULL,
  `last_sign_in_ip` varchar(255) COLLATE utf8_unicode_ci DEFAULT NULL,
  `created_at` datetime DEFAULT NULL,
  `updated_at` datetime DEFAULT NULL,
  `spree_api_key` varchar(48) COLLATE utf8_unicode_ci DEFAULT NULL,
  `ship_address_id` int(11) DEFAULT NULL,
  `bill_address_id` int(11) DEFAULT NULL,
  PRIMARY KEY (`id`),
  UNIQUE KEY `index_users_on_email` (`email`),
  UNIQUE KEY `index_users_on_reset_password_token` (`reset_password_token`)
) ENGINE=InnoDB DEFAULT CHARSET=utf8 COLLATE=utf8_unicode_ci;
/*!40101 SET character_set_client = @saved_cs_client */;

--
-- Dumping data for table `users`
--

LOCK TABLES `users` WRITE;
/*!40000 ALTER TABLE `users` DISABLE KEYS */;
/*!40000 ALTER TABLE `users` ENABLE KEYS */;
UNLOCK TABLES;
/*!40103 SET TIME_ZONE=@OLD_TIME_ZONE */;

/*!40101 SET SQL_MODE=@OLD_SQL_MODE */;
/*!40014 SET FOREIGN_KEY_CHECKS=@OLD_FOREIGN_KEY_CHECKS */;
/*!40014 SET UNIQUE_CHECKS=@OLD_UNIQUE_CHECKS */;
/*!40101 SET CHARACTER_SET_CLIENT=@OLD_CHARACTER_SET_CLIENT */;
/*!40101 SET CHARACTER_SET_RESULTS=@OLD_CHARACTER_SET_RESULTS */;
/*!40101 SET COLLATION_CONNECTION=@OLD_COLLATION_CONNECTION */;
/*!40111 SET SQL_NOTES=@OLD_SQL_NOTES */;

-- Dump completed on 2015-06-04 16:35:53
